#
# There is insufficient memory for the Java Runtime Environment to continue.
# Native memory allocation (mmap) failed to map 1048576 bytes. Error detail: G1 virtual space
# Possible reasons:
#   The system is out of physical RAM or swap space
#   This process is running with CompressedOops enabled, and the Java Heap may be blocking the growth of the native heap
# Possible solutions:
#   Reduce memory load on the system
#   Increase physical memory or swap space
#   Check if swap backing store is full
#   Decrease Java heap size (-Xmx/-Xms)
#   Decrease number of Java threads
#   Decrease Java thread stack sizes (-Xss)
#   Set larger code cache with -XX:ReservedCodeCacheSize=
#   JVM is running with Unscaled Compressed Oops mode in which the Java heap is
#     placed in the first 4GB address space. The Java Heap base address is the
#     maximum limit for the native heap growth. Please use -XX:HeapBaseMinAddress
#     to set the Java Heap base and to place the Java Heap above 4GB virtual address.
# This output file may be truncated or incomplete.
#
#  Out of Memory Error (os_windows.cpp:3554), pid=11952, tid=3968
#
# JRE version: OpenJDK Runtime Environment Temurin-25.0.1+8 (25.0.1+8) (build 25.0.1+8-LTS)
# Java VM: OpenJDK 64-Bit Server VM Temurin-25.0.1+8 (25.0.1+8-LTS, mixed mode, sharing, tiered, compressed oops, compressed class ptrs, g1 gc, windows-amd64)
# No core dump will be written. Minidumps are not enabled by default on client versions of Windows
#

---------------  S U M M A R Y ------------

Command Line: com.is216.thebangcf.TheBangCF

Host: Intel(R) Core(TM) i5-7200U CPU @ 2.50GHz, 4 cores, 7G,  Windows 10 , 64 bit Build 19041 (10.0.19041.3636)
Time: Tue May 19 12:26:57 2026 SE Asia Standard Time elapsed time: 740.244426 seconds (0d 0h 12m 20s)

---------------  T H R E A D  ---------------

Current thread (0x0000023ab4a9f920):  JavaThread "Image Fetcher 0" daemon [_thread_in_vm, id=3968, stack(0x000000ce4b100000,0x000000ce4b200000) (1024K)]

Stack: [0x000000ce4b100000,0x000000ce4b200000]
Native frames: (J=compiled Java code, j=interpreted, Vv=VM code, C=native code)
V  [jvm.dll+0x7a8379]  (no source info available)
V  [jvm.dll+0x7729fd]  (no source info available)
V  [jvm.dll+0x9f57b3]  (no source info available)
V  [jvm.dll+0x9f7da1]  (no source info available)
V  [jvm.dll+0x9f84a3]  (no source info available)
V  [jvm.dll+0x2fcd26]  (no source info available)
V  [jvm.dll+0x7a45a5]  (no source info available)
V  [jvm.dll+0x797a07]  (no source info available)
V  [jvm.dll+0x3f4cb8]  (no source info available)
V  [jvm.dll+0x3fcbf6]  (no source info available)
V  [jvm.dll+0x3e9065]  (no source info available)
V  [jvm.dll+0x3e9734]  (no source info available)
V  [jvm.dll+0x3e9292]  (no source info available)
V  [jvm.dll+0x3c105e]  (no source info available)
V  [jvm.dll+0x3bf21f]  (no source info available)
V  [jvm.dll+0x7268d6]  (no source info available)
V  [jvm.dll+0x2b3962]  (no source info available)
V  [jvm.dll+0x9b7f87]  (no source info available)
V  [jvm.dll+0x80bec5]  (no source info available)
C  0x0000023aa84e4309  (no source info available)

The last pc belongs to C2 Runtime new_array (printed below).
Java frames: (J=compiled Java code, j=interpreted, Vv=VM code)
v  ~RuntimeStub::C2 Runtime new_array 0x0000023aa84e4309
J 12678 c2 java.awt.image.DirectColorModel.createCompatibleWritableRaster(II)Ljava/awt/image/WritableRaster; java.desktop@25.0.1 (114 bytes) @ 0x0000023aa8e3cc30 [0x0000023aa8e3c600+0x0000000000000630]
J 9066 c1 sun.awt.image.ImageRepresentation.createBufferedImage()V java.desktop@25.0.1 (184 bytes) @ 0x0000023aa0e9c4a4 [0x0000023aa0e9c380+0x0000000000000124]
J 7194 c2 sun.awt.image.ImageRepresentation.setPixels(IIIILjava/awt/image/ColorModel;[III)V java.desktop@25.0.1 (510 bytes) @ 0x0000023aa8b9d788 [0x0000023aa8b9d200+0x0000000000000588]
J 5629 c2 sun.awt.image.ImageDecoder.setPixels(IIIILjava/awt/image/ColorModel;[III)I java.desktop@25.0.1 (58 bytes) @ 0x0000023aa8af185c [0x0000023aa8af1500+0x000000000000035c]
J 11816 c2 sun.awt.image.PNGImageDecoder.produceImage()V java.desktop@25.0.1 (1917 bytes) @ 0x0000023aa8d8508c [0x0000023aa8d84080+0x000000000000100c]
J 9046 c1 sun.awt.image.InputStreamImageSource.doFetch()V java.desktop@25.0.1 (201 bytes) @ 0x0000023aa10093a4 [0x0000023aa1009080+0x0000000000000324]
j  sun.awt.image.ImageFetcher.fetchloop()V+31 java.desktop@25.0.1
j  sun.awt.image.ImageFetcher.run()V+5 java.desktop@25.0.1
v  ~StubRoutines::call_stub 0x0000023aa83c12ed
Lock stack of current Java thread (top to bottom):
LockStack[0]: sun.awt.image.ImageRepresentation 
{0x00000000ad2407b8} - klass: 'sun/awt/image/ImageRepresentation' - flags: 

 - ---- fields (total size 12 words):
 - public 'watcherList' 'Lsun/awt/image/ImageWatched$Link;' @12  a 'sun/awt/image/ImageWatched$WeakLink'{0x00000000ad240818} (0xad240818)
 - 'src' 'Lsun/awt/image/InputStreamImageSource;' @16  a 'sun/awt/image/URLImageSource'{0x00000000ad2406f8} (0xad2406f8)
 - 'image' 'Lsun/awt/image/ToolkitImage;' @20  a 'sun/awt/image/ToolkitImage'{0x00000000ad240728} (0xad240728)
 - 'newbits' 'Ljava/awt/Rectangle;' @24  null (0x00000000)
 - 'bimage' 'Ljava/awt/image/BufferedImage;' @28  null (0x00000000)
 - 'biRaster' 'Ljava/awt/image/WritableRaster;' @32  null (0x00000000)
 - protected 'cmodel' 'Ljava/awt/image/ColorModel;' @36  a 'java/awt/image/DirectColorModel'{0x00000000ffd02728} (0xffd02728)
 - 'srcModel' 'Ljava/awt/image/ColorModel;' @40  a 'java/awt/image/DirectColorModel'{0x00000000ffd02728} (0xffd02728)
 - 'srcLUT' '[I' @44  null (0x00000000)
 - 'pData' 'J' @48  0 (0x0000000000000000)
 - 'tag' 'I' @56  0 (0x00000000)
 - 'width' 'I' @60  3840 (0x00000f00)
 - 'height' 'I' @64  3145 (0x00000c49)
 - 'hints' 'I' @68  30 (0x0000001e)
 - 'availinfo' 'I' @72  3 (0x00000003)
 - 'srcLUTtransIndex' 'I' @76  -1 (0xffffffff)
 - 'numSrcLUT' 'I' @80  0 (0x00000000)
 - 'sstride' 'I' @84  0 (0x00000000)
 - private 'numWaiters' 'I' @88  0 (0x00000000)
 - 'forceCMhint' 'Z' @92  false (0x00)
 - 'isDefaultBI' 'Z' @93  false (0x00)
 - 'isSameCM' 'Z' @94  true (0x01)
 - private 'consuming' 'Z' @95  true (0x01)

--------------------------------------------------------------------------------
Decoding CodeBlob, name: C2 Runtime new_array, at  [0x0000023aa84e42e0, 0x0000023aa84e4348]  104 bytes
[MachCode]
  0x0000023aa84e42e0: 4881 ec28 | 0000 0048 | 896c 2420 | 4989 a728 | 0400 0048 | 8bca 418b | d04d 8bc7 | 49ba 90be 
  0x0000023aa84e4300: 6413 fd7f | 0000 41ff | d20f 1f84 | 0000 0000 | 004d 89a7 | 2804 0000 | 4d89 a730 | 0400 0049 
  0x0000023aa84e4320: 8b87 8004 | 0000 4d89 | a780 0400 | 004d 3b67 | 0875 0648 | 83c4 205d | c348 83c4 | 205d e99d 
  0x0000023aa84e4340: ceed fff4 | f4f4 f4f4 
[/MachCode]
--------------------------------------------------------------------------------


Compiled method (c2) 740451 12678       4       java.awt.image.DirectColorModel::createCompatibleWritableRaster (114 bytes)
 total in heap  [0x0000023aa8e3c508,0x0000023aa8e3cf90] = 2696
 main code      [0x0000023aa8e3c600,0x0000023aa8e3cf60] = 2400
 stub code      [0x0000023aa8e3cf60,0x0000023aa8e3cf88] = 40
 oops           [0x0000023aa8e3cf88,0x0000023aa8e3cf90] = 8
 mutable data [0x0000023abbfeb020,0x0000023abbfeb118] = 248
 relocation     [0x0000023abbfeb020,0x0000023abbfeb0b0] = 144
 metadata       [0x0000023abbfeb0b0,0x0000023abbfeb118] = 104
 immutable data [0x0000023ab936f5c0,0x0000023ab936f8e8] = 808
 dependencies   [0x0000023ab936f5c0,0x0000023ab936f5d8] = 24
 handler table  [0x0000023ab936f5d8,0x0000023ab936f698] = 192
 scopes pcs     [0x0000023ab936f698,0x0000023ab936f778] = 224
 scopes data    [0x0000023ab936f778,0x0000023ab936f8e8] = 368

[Constant Pool (empty)]

[MachCode]
[Instructions begin]
  0x0000023aa8e3c600: 6690 448b | 5208 443b 

  0x0000023aa8e3c608: ;   {runtime_call Shared Runtime ic_miss_blob}
  0x0000023aa8e3c608: 5008 0f85 | d024 5dff 
[Verified Entry Point]
  0x0000023aa8e3c610: 8984 2400 | 80ff ff55 | 4883 ec60 | 4181 7f20 | 8f00 0000 | 0f85 2709 | 0000 4489 | 4424 3845 
  0x0000023aa8e3c630: 85c0 0f8e | a006 0000 | 4489 4c24 | 1066 6690 | 4585 c90f | 8edb 0600 | 0048 8954 | 2408 440f 
  0x0000023aa8e3c650: b652 2845 | 85d2 0f84 | 7100 0000 | 498b 87c8 | 0100 004c | 8bd0 4983 | c220 4d3b | 97d8 0100 
  0x0000023aa8e3c670: 000f 83fd | 0500 004d | 8997 c801 | 0000 410f | 0d8a c000 | 0000 48c7 | 0001 0000 | 0041 0f0d 
  0x0000023aa8e3c690: 8a00 0100 

  0x0000023aa8e3c694: ;   {metadata({type array int})}
  0x0000023aa8e3c694: 00c7 4008 | 504a 1800 | 410f 0d8a | 4001 0000 | c740 0c04 | 0000 0041 | 0f0d 8a80 | 0100 004c 
  0x0000023aa8e3c6b4: 8960 1044 | 8960 184c | 8b54 2408 | 458b 5250 | 4489 501c | 4c8b d8eb | 664d 8b9f | c801 0000 
  0x0000023aa8e3c6d4: 4d8b d349 | 83c2 200f | 1f44 0000 | 4d3b 97d8 | 0100 000f | 835d 0500 | 004d 8997 | c801 0000 
  0x0000023aa8e3c6f4: 410f 0d8a | c000 0000 | 49c7 0301 | 0000 0041 | 0f0d 8a00 

  0x0000023aa8e3c708: ;   {metadata({type array int})}
  0x0000023aa8e3c708: 0100 0041 | c743 0850 | 4a18 0041 | 0f0d 8a40 | 0100 0041 | c743 0c03 | 0000 0041 | 0f0d 8a80 
  0x0000023aa8e3c728: 0100 004d | 8963 104d | 8963 184c | 8b54 2408 | 458b 424c | 418b 6a0c | 458b 5244 | 4589 5310 
  0x0000023aa8e3c748: 4c8b 5424 | 0845 8b4a | 4845 894b | 1445 8943 | 180f 1f80 | 0000 0000 | 83fd 100f | 8e8b 0500 
  0x0000023aa8e3c768: 004d 8b97 | c801 0000 | 4d8b c249 | 83c0 3066 | 0f1f 8400 | 0000 0000 | 4d3b 87d8 | 0100 000f 
  0x0000023aa8e3c788: 838f 0300 | 004d 8987 | c801 0000 | 410f 0d88 | c000 0000 | 49c7 0201 

  0x0000023aa8e3c7a0: ;   {metadata('java/awt/image/DataBufferInt')}
  0x0000023aa8e3c7a0: 0000 0041 | c742 0830 | 781f 0145 | 8962 0c4d | 8962 104d | 8962 184d | 8962 204d | 8962 2844 
  0x0000023aa8e3c7c0: 8b4c 2438 | 440f af4c | 2410 4489 

  0x0000023aa8e3c7cc: ;   {oop([I{0x0000000081ab0360})}
  0x0000023aa8e3c7cc: 4c24 3c49 | b860 03ab | 8100 0000 | 0041 8b68 | 1466 6690 | 83fd 020f | 85b4 0400 | 0049 8bbf 
  0x0000023aa8e3c7ec: c801 0000 | 4c8b c749 | 83c0 1866 | 0f1f 8400 | 0000 0000 | 4d3b 87d8 | 0100 000f | 833c 0300 
  0x0000023aa8e3c80c: 004d 8987 | c801 0000 | 410f 0d88 | c000 0000 | 48c7 0701 

  0x0000023aa8e3c820: ;   {metadata('sun/java2d/StateTrackableDelegate')}
  0x0000023aa8e3c820: 0000 00c7 | 4708 88b2 | 0001 4489 | 670c 4489 

  0x0000023aa8e3c830: ;   {oop(a 'sun/java2d/StateTrackable$State'{0x0000000081a15730})}
  0x0000023aa8e3c830: 6714 c747 | 1030 57a1 | 8144 8b44 | 243c 4589 | 4218 498b | 87c8 0100 | 0041 c742 | 1001 0000 
  0x0000023aa8e3c850: 004c 8bc0 | 4983 c018 | 41c7 420c | 0300 0000 | 4d8d 4a20 | 488b cf41 | 8909 498b | d948 33df 
  0x0000023aa8e3c870: 48c1 eb14 | 0f84 1d00 | 0000 498b | d948 c1eb | 0948 b900 | 40e8 af3a | 0200 0048 | 03d9 803b 
  0x0000023aa8e3c890: 020f 85cd | 0400 0066 | 0f1f 8400 | 0000 0000 | 4d3b 87d8 | 0100 000f | 831a 0300 | 004d 8987 
  0x0000023aa8e3c8b0: c801 0000 | 410f 0d88 | c000 0000 | 48c7 0001 | 0000 0041 | 0f0d 8800 

  0x0000023aa8e3c8c8: ;   {metadata({type array int})}
  0x0000023aa8e3c8c8: 0100 00c7 | 4008 504a | 1800 410f | 0d88 4001 | 0000 c740 | 0c01 0000 | 0041 0f0d | 8880 0100 
  0x0000023aa8e3c8e8: 004c 8960 | 104d 8d4a | 1c48 8bc8 | 4189 094d | 8bc1 4c33 | c049 c1e8 | 140f 841e | 0000 004d 
  0x0000023aa8e3c908: 8bc1 49c1 | e809 48b9 | 0040 e8af | 3a02 0000 | 4c03 c141 | 8038 020f | 85bc 0400 | 0044 8b4c 
  0x0000023aa8e3c928: 243c 4181 | f900 0004 | 000f 87d0 | 0200 0049 | 8b9f c801 | 0000 458b | c14d 63c0 | 4a8d 0c85 
  0x0000023aa8e3c948: 1700 0000 | 4c8b c149 | 83e0 f84c | 8bcb 4d03 | c80f 1f80 | 0000 0000 | 4d3b 8fd8 | 0100 000f 
  0x0000023aa8e3c968: 839a 0200 | 004d 898f | c801 0000 | 410f 0d89 | c000 0000 | 48c7 0301 | 0000 0041 | 0f0d 8900 
  0x0000023aa8e3c988: ;   {metadata({type array int})}
  0x0000023aa8e3c988: 0100 00c7 | 4308 504a | 1800 448b | 4424 3c44 | 8943 0c41 | 0f0d 8940 | 0100 0048 | 8bfb 4883 
  0x0000023aa8e3c9a8: c710 410f | 0d89 8001 | 0000 48c1 | e903 4883 | c1fe 4833 | c048 83f9 | 087f 1048 | ffc9 784f 
  0x0000023aa8e3c9c8: 4889 04cf | 48ff c97d | f7eb 44c5 | fdef c0e9 | 0d00 0000 | c5fe 7f07 | c5fe 7f47 | 2048 83c7 
  0x0000023aa8e3c9e8: 4048 83e9 | 087d ed48 | 83c1 047c | 0cc5 fe7f | 0748 83c7 | 2048 83e9 | 0448 83c1 | 047e 1048 
  0x0000023aa8e3ca08: ffc9 c5f9 | d607 4883 | c708 48ff | c97d f349 | 8b87 c801 | 0000 4c8b | c049 83c0 | 1848 8beb 
  0x0000023aa8e3ca28: 4d8d 4a24 | 4189 298b | dd49 8bc9 | 4833 cb48 | c1e9 140f | 841d 0000 | 0049 8bc9 | 48c1 e909 
  0x0000023aa8e3ca48: 48bb 0040 | e8af 3a02 | 0000 4803 | cb80 3902 | 0f85 ee03 | 0000 6690 | 4d3b 87d8 | 0100 000f 
  0x0000023aa8e3ca68: 831d 0100 | 004d 8987 | c801 0000 | 410f 0d88 | c000 0000 | 48c7 0001 | 0000 0041 | 0f0d 8800 
  0x0000023aa8e3ca88: ;   {metadata({type array int}[])}
  0x0000023aa8e3ca88: 0100 00c7 | 4008 9801 | 0901 410f | 0d88 4001 | 0000 c740 | 0c01 0000 | 0041 0f0d | 8880 0100 
  0x0000023aa8e3caa8: 0044 8960 | 1489 6810 | 33c9 4d8d | 4228 488b | d841 8918 | 4d8b c84c | 33c8 49c1 | e914 0f84 
  0x0000023aa8e3cac8: 1e00 0000 | 4d8b c849 | c1e9 0948 | bb00 40e8 | af3a 0200 | 004c 03cb | 4180 3902 | 0f85 dc03 
  0x0000023aa8e3cae8: 0000 498b | d244 8b44 | 2438 448b | 4c24 1041 | 8bf8 498b 

  0x0000023aa8e3cafc: ;   {static_call}
  0x0000023aa8e3cafc: f366 90e8 

  0x0000023aa8e3cb00: ; ImmutableOopMap {}
                      ;*invokestatic createPackedRaster {reexecute=0 rethrow=0 return_oop=1}
                      ; - java.awt.image.Raster::createPackedRaster@99 (line 546)
                      ; - java.awt.image.DirectColorModel::createCompatibleWritableRaster@83 (line 1032)
  0x0000023aa8e3cb00: 7c7d feff 

  0x0000023aa8e3cb04: ;   {post_call_nop}
  0x0000023aa8e3cb04: 0f1f 8400 | fc05 0000 | 4883 c460 

  0x0000023aa8e3cb10: ;   {poll_return}
  0x0000023aa8e3cb10: 5d49 3b67 | 280f 8720 | 0400 00c3 

  0x0000023aa8e3cb1c: ;   {metadata('java/awt/image/DataBufferInt')}
  0x0000023aa8e3cb1c: 48ba 3078 | 1f1f 0000 | 0000 8b6c | 2438 4c89 

  0x0000023aa8e3cb2c: ;   {runtime_call C2 Runtime new_instance}
  0x0000023aa8e3cb2c: 5c24 18e8 

  0x0000023aa8e3cb30: ; ImmutableOopMap {[24]=Oop }
                      ;*new {reexecute=0 rethrow=0 return_oop=1}
                      ; - java.awt.image.Raster::createPackedRaster@62 (line 538)
                      ; - java.awt.image.DirectColorModel::createCompatibleWritableRaster@83 (line 1032)
  0x0000023aa8e3cb30: ac74 6aff 

  0x0000023aa8e3cb34: ;   {post_call_nop}
  0x0000023aa8e3cb34: 0f1f 8400 | 2c06 0001 | 4c8b 5c24 | 184c 8bd0 | e976 fcff 

  0x0000023aa8e3cb48: ;   {metadata('sun/java2d/StateTrackableDelegate')}
  0x0000023aa8e3cb48: ff48 ba88 | b200 1f00 | 0000 008b | 6c24 384c | 895c 2440 | 4c89 5424 | 204c 8954 | 2428 4489 
  0x0000023aa8e3cb68: ;   {runtime_call C2 Runtime new_instance}
  0x0000023aa8e3cb68: 4c24 14e8 

  0x0000023aa8e3cb6c: ; ImmutableOopMap {[32]=Oop [40]=Oop [64]=Oop }
                      ;*new {reexecute=0 rethrow=0 return_oop=1}
                      ; - sun.java2d.StateTrackableDelegate::createInstance@44 (line 73)
                      ; - java.awt.image.DataBuffer::<init>@6 (line 150)
                      ; - java.awt.image.DataBufferInt::<init>@6 (line 75)
                      ; - java.awt.image.Raster::createPackedRaster@69 (line 538)
                      ; - java.awt.image.DirectColorModel::createCompatibleWritableRaster@83 (line 1032)
  0x0000023aa8e3cb6c: 7074 6aff 

  0x0000023aa8e3cb70: ;   {post_call_nop}
  0x0000023aa8e3cb70: 0f1f 8400 | 6806 0002 | 488b f84c | 8b5c 2440 | 4c8b 5424 | 20e9 a8fc 

  0x0000023aa8e3cb88: ;   {metadata({type array int}[])}
  0x0000023aa8e3cb88: ffff 48ba | 9801 091f | 0000 0000 | 41b8 0100 | 0000 4c89 | 5c24 304c | 8954 2420 | 4c89 5424 
  0x0000023aa8e3cba8: ;   {runtime_call C2 Runtime new_array}
  0x0000023aa8e3cba8: 2866 90e8 

  0x0000023aa8e3cbac: ; ImmutableOopMap {rbp=NarrowOop [32]=Oop [40]=Oop [48]=Oop }
                      ;*anewarray {reexecute=0 rethrow=0 return_oop=1}
                      ; - java.awt.image.DataBufferInt::<init>@18 (line 77)
                      ; - java.awt.image.Raster::createPackedRaster@69 (line 538)
                      ; - java.awt.image.DirectColorModel::createCompatibleWritableRaster@83 (line 1032)
  0x0000023aa8e3cbac: 3077 6aff 

  0x0000023aa8e3cbb0: ;   {post_call_nop}
  0x0000023aa8e3cbb0: 0f1f 8400 | a806 0003 | 4c8b 5c24 | 304c 8b54 | 2420 e9e6 

  0x0000023aa8e3cbc4: ;   {metadata({type array int})}
  0x0000023aa8e3cbc4: feff ff48 | ba50 4a18 | 1e00 0000 | 0041 b801 | 0000 008b | 6c24 384c | 895c 2430 | 4c89 5424 
  0x0000023aa8e3cbe4: 204c 8954 

  0x0000023aa8e3cbe8: ;   {runtime_call C2 Runtime new_array}
  0x0000023aa8e3cbe8: 2428 90e8 

  0x0000023aa8e3cbec: ; ImmutableOopMap {[32]=Oop [40]=Oop [48]=Oop }
                      ;*newarray {reexecute=0 rethrow=0 return_oop=1}
                      ; - java.awt.image.DataBuffer::<init>@34 (line 155)
                      ; - java.awt.image.DataBufferInt::<init>@6 (line 75)
                      ; - java.awt.image.Raster::createPackedRaster@69 (line 538)
                      ; - java.awt.image.DirectColorModel::createCompatibleWritableRaster@83 (line 1032)
  0x0000023aa8e3cbec: f076 6aff 

  0x0000023aa8e3cbf0: ;   {post_call_nop}
  0x0000023aa8e3cbf0: 0f1f 8400 | e806 0004 | 4c8b 5c24 | 304c 8b54 | 2420 e9e6 

  0x0000023aa8e3cc04: ;   {metadata({type array int})}
  0x0000023aa8e3cc04: fcff ff48 | ba50 4a18 | 1e00 0000 | 0044 8b44 | 243c 8b6c | 2438 4c89 | 5c24 304c | 8954 2420 
  0x0000023aa8e3cc24: 4c89 5424 

  0x0000023aa8e3cc28: ;   {runtime_call C2 Runtime new_array}
  0x0000023aa8e3cc28: 2866 90e8 

  0x0000023aa8e3cc2c: ; ImmutableOopMap {[32]=Oop [40]=Oop [48]=Oop }
                      ;*newarray {reexecute=0 rethrow=0 return_oop=1}
                      ; - java.awt.image.DataBufferInt::<init>@11 (line 76)
                      ; - java.awt.image.Raster::createPackedRaster@69 (line 538)
                      ; - java.awt.image.DirectColorModel::createCompatibleWritableRaster@83 (line 1032)
  0x0000023aa8e3cc2c: b076 6aff 

  0x0000023aa8e3cc30: ;   {post_call_nop}
  0x0000023aa8e3cc30: 0f1f 8400 | 2807 0005 | 488b d84c | 8b5c 2430 | 4c8b 5424 | 20e9 cdfd | ffff 41b8 | 0300 0000 
  0x0000023aa8e3cc50: ;   {metadata({type array int})}
  0x0000023aa8e3cc50: 48ba 504a | 181e 0000 | 0000 488b 

  0x0000023aa8e3cc5c: ;   {runtime_call C2 Runtime new_array}
  0x0000023aa8e3cc5c: 6c24 08e8 

  0x0000023aa8e3cc60: ; ImmutableOopMap {rbp=Oop [8]=Oop }
                      ;*newarray {reexecute=0 rethrow=0 return_oop=1}
                      ; - java.awt.image.DirectColorModel::createCompatibleWritableRaster@45 (line 1025)
  0x0000023aa8e3cc60: 7c76 6aff 

  0x0000023aa8e3cc64: ;   {post_call_nop}
  0x0000023aa8e3cc64: 0f1f 8400 | 5c07 0006 | 4c8b d8e9 | bffa ffff | 41b8 0400 

  0x0000023aa8e3cc78: ;   {metadata({type array int})}
  0x0000023aa8e3cc78: 0000 48ba | 504a 181e | 0000 0000 | 488b 6c24 

  0x0000023aa8e3cc88: ;   {runtime_call C2 Runtime new_array}
  0x0000023aa8e3cc88: 0866 90e8 

  0x0000023aa8e3cc8c: ; ImmutableOopMap {rbp=Oop [8]=Oop }
                      ;*newarray {reexecute=0 rethrow=0 return_oop=1}
                      ; - java.awt.image.DirectColorModel::createCompatibleWritableRaster@31 (line 1021)
  0x0000023aa8e3cc8c: 5076 6aff 

  0x0000023aa8e3cc90: ;   {post_call_nop}
  0x0000023aa8e3cc90: 0f1f 8400 | 8807 0007 | e91e faff | ffba 45ff | ffff 4889 | 4424 f88b | 4424 1089 | 4424 0448 
  0x0000023aa8e3ccb0: 8b44 24f8 | 4c89 5c24 | 084c 8954 | 2418 4c89 | 5424 2844 | 894c 2424 

  0x0000023aa8e3ccc8: ;   {runtime_call UncommonTrapBlob}
  0x0000023aa8e3ccc8: 6666 90e8 

  0x0000023aa8e3cccc: ; ImmutableOopMap {[8]=Oop [24]=Oop [40]=Oop }
                      ;*tableswitch {reexecute=1 rethrow=0 return_oop=0}
                      ; - (reexecute) sun.java2d.StateTrackableDelegate::createInstance@8 (line 69)
                      ; - java.awt.image.DataBuffer::<init>@6 (line 150)
                      ; - java.awt.image.DataBufferInt::<init>@6 (line 75)
                      ; - java.awt.image.Raster::createPackedRaster@69 (line 538)
                      ; - java.awt.image.DirectColorModel::createCompatibleWritableRaster@83 (line 1032)
  0x0000023aa8e3cccc: 1028 6aff 

  0x0000023aa8e3ccd0: ;   {post_call_nop}
  0x0000023aa8e3ccd0: 0f1f 8400 | c807 0008 | ba45 ffff | ff44 890c | 2444 8944 

  0x0000023aa8e3cce4: ;   {runtime_call UncommonTrapBlob}
  0x0000023aa8e3cce4: 2404 90e8 

  0x0000023aa8e3cce8: ; ImmutableOopMap {}
                      ;*ifle {reexecute=1 rethrow=0 return_oop=0}
                      ; - (reexecute) java.awt.image.DirectColorModel::createCompatibleWritableRaster@1 (line 1015)
  0x0000023aa8e3cce8: f427 6aff 

  0x0000023aa8e3ccec: ;   {post_call_nop}
  0x0000023aa8e3ccec: 0f1f 8400 | e407 0009 | ba45 ffff | ff4c 8914 | 2448 8944 | 24f8 8b44 | 2410 8944 | 240c 488b 
  0x0000023aa8e3cd0c: 4424 f84c | 895c 2410 

  0x0000023aa8e3cd14: ;   {runtime_call UncommonTrapBlob}
  0x0000023aa8e3cd14: 6666 90e8 

  0x0000023aa8e3cd18: ; ImmutableOopMap {[0]=Oop [16]=Oop }
                      ;*if_icmple {reexecute=1 rethrow=0 return_oop=0}
                      ; - (reexecute) java.awt.image.DirectColorModel::createCompatibleWritableRaster@75 (line 1031)
  0x0000023aa8e3cd18: c427 6aff 

  0x0000023aa8e3cd1c: ;   {post_call_nop}
  0x0000023aa8e3cd1c: 0f1f 8400 | 1408 000a | ba45 ffff | ff41 8be8 | 4489 4c24 

  0x0000023aa8e3cd30: ;   {runtime_call UncommonTrapBlob}
  0x0000023aa8e3cd30: 0466 90e8 

  0x0000023aa8e3cd34: ; ImmutableOopMap {}
                      ;*ifgt {reexecute=1 rethrow=0 return_oop=0}
                      ; - (reexecute) java.awt.image.DirectColorModel::createCompatibleWritableRaster@5 (line 1015)
  0x0000023aa8e3cd34: a827 6aff 

  0x0000023aa8e3cd38: ;   {post_call_nop}
  0x0000023aa8e3cd38: 0f1f 8400 | 3008 000b | 488b d0e9 | 1200 0000 | 488b d0eb | 0deb 08eb | 06eb 04eb | 02eb 0048 
  0x0000023aa8e3cd58: 8bd0 4883 

  0x0000023aa8e3cd5c: ;   {runtime_call C2 Runtime rethrow}
  0x0000023aa8e3cd5c: c460 5de9 | 7cbe 6aff | f083 4424 | c000 803b | 000f 8424 | fbff ffc6 | 0300 498b | 4f50 4885 
  0x0000023aa8e3cd7c: c90f 8414 | 0000 0048 | 83e9 0849 | 894f 5049 | 034f 5848 | 8919 e900 | fbff ff48 | 83ec 404c 
  0x0000023aa8e3cd9c: 8954 2438 | 4c89 5c24 | 304c 8944 | 2428 4889 | 4424 2048 | 8bcb 498b 

  0x0000023aa8e3cdb4: ;   {runtime_call}
  0x0000023aa8e3cdb4: d748 b8c0 | 801f 13fd | 7f00 00ff | d048 8b44 | 2420 4c8b | 4424 284c | 8b5c 2430 | 4c8b 5424 
  0x0000023aa8e3cdd4: 38c5 f877 | 4883 c440 | e9b6 faff | fff0 8344 | 24c0 0041 | 8038 000f | 8434 fbff | ff41 c600 
  0x0000023aa8e3cdf4: 0049 8b4f | 5048 85c9 | 0f84 1400 | 0000 4883 | e908 4989 | 4f50 4903 | 4f58 4c89 | 01e9 0ffb 
  0x0000023aa8e3ce14: ffff 4883 | ec30 4c89 | 5424 284c | 895c 2420 | 498b c849 

  0x0000023aa8e3ce28: ;   {runtime_call}
  0x0000023aa8e3ce28: 8bd7 48b8 | c080 1f13 | fd7f 0000 | ffd0 4c8b | 5c24 204c | 8b54 2428 | c5f8 7748 | 83c4 30e9 
  0x0000023aa8e3ce48: d9fa ffff | f083 4424 | c000 8039 | 000f 8403 | fcff ffc6 | 0100 498b | 5f50 4885 | db0f 8414 
  0x0000023aa8e3ce68: 0000 0048 | 83eb 0849 | 895f 5049 | 035f 5848 | 890b e9df | fbff ff48 | 83ec 404c | 8954 2438 
  0x0000023aa8e3ce88: 4c89 5c24 | 304c 8944 | 2428 4889 | 4424 2049 

  0x0000023aa8e3ce98: ;   {runtime_call}
  0x0000023aa8e3ce98: 8bd7 48b8 | c080 1f13 | fd7f 0000 | ffd0 488b | 4424 204c | 8b44 2428 | 4c8b 5c24 | 304c 8b54 
  0x0000023aa8e3ceb8: 2438 c5f8 | 7748 83c4 | 40e9 98fb | ffff f083 | 4424 c000 | 4180 3900 | 0f84 14fc | ffff 41c6 
  0x0000023aa8e3ced8: 0100 498b | 5f50 4885 | db0f 8414 | 0000 0048 | 83eb 0849 | 895f 5049 | 035f 584c | 890b e9ef 
  0x0000023aa8e3cef8: fbff ff48 | 83ec 404c | 8954 2438 | 4c89 5c24 | 3048 894c | 2428 498b | c949 8bd7 

  0x0000023aa8e3cf14: ;   {runtime_call}
  0x0000023aa8e3cf14: 48b8 c080 | 1f13 fd7f | 0000 ffd0 | 488b 4c24 | 284c 8b5c | 2430 4c8b | 5424 38c5 | f877 4883 
  0x0000023aa8e3cf34: c440 e9af 

  0x0000023aa8e3cf38: ;   {internal_word}
  0x0000023aa8e3cf38: fbff ff49 | ba11 cbe3 | a83a 0200 | 004d 8997 | e004 0000 

  0x0000023aa8e3cf4c: ;   {runtime_call SafepointBlob}
  0x0000023aa8e3cf4c: e90f 405d 

  0x0000023aa8e3cf50: ;   {runtime_call Stub::method_entry_barrier}
  0x0000023aa8e3cf50: ffe8 aa72 | 5bff e9cf | f6ff fff4 | f4f4 f4f4 
[Stub Code]
  0x0000023aa8e3cf60: ;   {static_stub}
  0x0000023aa8e3cf60: 48bb 0000 | 0000 0000 

  0x0000023aa8e3cf68: ;   {runtime_call nmethod}
  0x0000023aa8e3cf68: 0000 e9fb 

  0x0000023aa8e3cf6c: ;   {runtime_call ExceptionBlob}
  0x0000023aa8e3cf6c: ffff ffe9 | 6c28 6aff 
[Deopt Handler Code]
  0x0000023aa8e3cf74: e800 0000 | 0048 832c 

  0x0000023aa8e3cf7c: ;   {runtime_call DeoptimizationBlob}
  0x0000023aa8e3cf7c: 2405 e9dd | 425d fff4 | f4f4 f4f4 
[/MachCode]


Compiled method (c1) 740490 9066   !   3       sun.awt.image.ImageRepresentation::createBufferedImage (184 bytes)
 total in heap  [0x0000023aa0e9c288,0x0000023aa0e9d028] = 3488
 main code      [0x0000023aa0e9c380,0x0000023aa0e9cfb0] = 3120
 stub code      [0x0000023aa0e9cfb0,0x0000023aa0e9d028] = 120
 mutable data [0x0000023ab9565e70,0x0000023ab9565fb8] = 328
 relocation     [0x0000023ab9565e70,0x0000023ab9565f68] = 248
 metadata       [0x0000023ab9565f68,0x0000023ab9565fb8] = 80
 immutable data [0x0000023aba9418b0,0x0000023aba941b90] = 736
 dependencies   [0x0000023aba9418b0,0x0000023aba9418c8] = 24
 nul chk table  [0x0000023aba9418c8,0x0000023aba941900] = 56
 handler table  [0x0000023aba941900,0x0000023aba941960] = 96
 scopes pcs     [0x0000023aba941960,0x0000023aba941ac0] = 352
 scopes data    [0x0000023aba941ac0,0x0000023aba941b90] = 208

[Constant Pool (empty)]

[MachCode]
[Instructions begin]
  0x0000023aa0e9c380: 6666 660f | 1f84 0000 | 0000 0066 | 6666 9066 | 6690 448b | 5208 443b 

  0x0000023aa0e9c398: ;   {runtime_call Shared Runtime ic_miss_blob}
  0x0000023aa0e9c398: 5008 0f85 | 4027 5707 
[Verified Entry Point]
  0x0000023aa0e9c3a0: 8984 2400 | 80ff ff55 | 4883 ec60 | 4181 7f20 | 8f00 0000 

  0x0000023aa0e9c3b4: ;   {runtime_call Stub::method_entry_barrier}
  0x0000023aa0e9c3b4: 7405 e845 | 7e55 0748 | 8954 2450 

  0x0000023aa0e9c3c0: ;   {metadata(method data for {method} {0x0000023ab63549e0} 'createBufferedImage' '()V' in 'sun/awt/image/ImageRepresentation')}
  0x0000023aa0e9c3c0: 49b8 58a2 | 39b6 3a02 | 0000 458b | 8890 0000 | 0041 83c1 | 0245 8988 | 9000 0000 | 4181 e1fe 
  0x0000023aa0e9c3e0: 0700 0045 | 85c9 0f84 | 4909 0000 | c642 5d00 | 8b72 2444 | 8b42 3c44 | 8b4a 4048 | 3b06 488b 
  0x0000023aa0e9c400: ;   {metadata(method data for {method} {0x0000023ab63549e0} 'createBufferedImage' '()V' in 'sun/awt/image/ImageRepresentation')}
  0x0000023aa0e9c400: fe48 bb58 | a239 b63a | 0200 008b | 7f08 41ba | 0000 001e | 4903 fa48 | 3bbb e000 | 0000 750d 
  0x0000023aa0e9c420: 4883 83e8 | 0000 0001 | e960 0000 | 0048 3bbb | f000 0000 | 750d 4883 | 83f8 0000 | 0001 e94a 
  0x0000023aa0e9c440: 0000 0048 | 83bb e000 | 0000 0075 | 1748 89bb | e000 0000 | 48c7 83e8 | 0000 0001 | 0000 00e9 
  0x0000023aa0e9c460: 2900 0000 | 4883 bbf0 | 0000 0000 | 7517 4889 | bbf0 0000 | 0048 c783 | f800 0000 | 0100 0000 
  0x0000023aa0e9c480: e908 0000 | 0048 8383 | d800 0000 | 0148 8bd6 | 0f1f 4400 | 0048 b890 | 7113 bb3a 

  0x0000023aa0e9c49c: ;   {virtual_call}
  0x0000023aa0e9c49c: 0200 00e8 

  0x0000023aa0e9c4a0: ; ImmutableOopMap {[80]=Oop }
                      ;*invokevirtual createCompatibleWritableRaster {reexecute=0 rethrow=0 return_oop=0}
                      ; - sun.awt.image.ImageRepresentation::createBufferedImage@18 (line 237)
  0x0000023aa0e9c4a0: 5e01 fa07 

  0x0000023aa0e9c4a4: ;   {post_call_nop}
  0x0000023aa0e9c4a4: 0f1f 8400 | 1c02 0000 | 450f be47 | 4845 85c0 | 488b 5424 | 500f 859c | 0800 004c | 8bd0 4489 
  0x0000023aa0e9c4c4: 5220 4c8b | c24c 33c0 | 49c1 e814 | 4983 f800 | 0f85 9d08 | 0000 448b | 4224 493b | 004d 8bc8 
  0x0000023aa0e9c4e4: ;   {metadata(method data for {method} {0x0000023ab63549e0} 'createBufferedImage' '()V' in 'sun/awt/image/ImageRepresentation')}
  0x0000023aa0e9c4e4: 48bf 58a2 | 39b6 3a02 | 0000 458b | 4908 41ba | 0000 001e | 4d03 ca4c | 3b8f 1001 | 0000 750d 
  0x0000023aa0e9c504: 4883 8718 | 0100 0001 | e960 0000 | 004c 3b8f | 2001 0000 | 750d 4883 | 8728 0100 | 0001 e94a 
  0x0000023aa0e9c524: 0000 0048 | 83bf 1001 | 0000 0075 | 174c 898f | 1001 0000 | 48c7 8718 | 0100 0001 | 0000 00e9 
  0x0000023aa0e9c544: 2900 0000 | 4883 bf20 | 0100 0000 | 7517 4c89 | 8f20 0100 | 0048 c787 | 2801 0000 | 0100 0000 
  0x0000023aa0e9c564: e908 0000 | 0048 8387 | 0801 0000 | 0145 0fbe | 4829 488b 

  0x0000023aa0e9c578: ;   {metadata(method data for {method} {0x0000023ab63549e0} 'createBufferedImage' '()V' in 'sun/awt/image/ImageRepresentation')}
  0x0000023aa0e9c578: fa48 be58 | a239 b63a | 0200 0048 | 8386 4801 | 0000 0149 | 8bf9 83e7 | 014c 8bc8 

  0x0000023aa0e9c594: ;   {oop(nullptr)}
  0x0000023aa0e9c594: 48be 0000 | 0000 0000 | 0000 488b | da48 8bd3 

  0x0000023aa0e9c5a4: ;   {optimized virtual_call}
  0x0000023aa0e9c5a4: 6666 90e8 

  0x0000023aa0e9c5a8: ; ImmutableOopMap {[80]=Oop }
                      ;*invokevirtual createImage {reexecute=0 rethrow=0 return_oop=0}
                      ; - sun.awt.image.ImageRepresentation::createBufferedImage@42 (line 238)
  0x0000023aa0e9c5a8: 74ed 0300 

  0x0000023aa0e9c5ac: ;   {post_call_nop}
  0x0000023aa0e9c5ac: 0f1f 8400 | 2403 0001 | 450f be47 | 4845 85c0 | 488b 5424 | 500f 85cd | 0700 004c | 8bd0 4489 
  0x0000023aa0e9c5cc: 521c 4c8b | c24c 33c0 | 49c1 e814 | 4983 f800 | 0f85 ce07 

  0x0000023aa0e9c5e0: ;   {metadata(method data for {method} {0x0000023ab63549e0} 'createBufferedImage' '()V' in 'sun/awt/image/ImageRepresentation')}
  0x0000023aa0e9c5e0: 0000 48b8 | 58a2 39b6 | 3a02 0000 | ff80 6801 | 0000 e992 | 0100 0048 | 8b54 2450 | 498b 8788 
  0x0000023aa0e9c600: 0500 004d | 33d2 4d89 | 9788 0500 | 004d 33d2 | 4d89 9790 

  0x0000023aa0e9c614: ;   {metadata(method data for {method} {0x0000023ab63549e0} 'createBufferedImage' '()V' in 'sun/awt/image/ImageRepresentation')}
  0x0000023aa0e9c614: 0500 0049 | b858 a239 | b63a 0200 | 0049 8380 | 8001 0000 

  0x0000023aa0e9c628: ;   {metadata(method data for {method} {0x0000023ab50c7ac0} 'getRGBdefault' '()Ljava/awt/image/ColorModel;' in 'java/awt/image/ColorModel')}
  0x0000023aa0e9c628: 0149 b860 | 6639 b63a | 0200 0045 | 8b88 9000 | 0000 4183 | c102 4589 | 8890 0000 | 0041 81e1 
  0x0000023aa0e9c648: feff 1f00 | 4585 c90f | 8473 0700 

  0x0000023aa0e9c654: ;   {oop(a 'java/awt/image/DirectColorModel'{0x00000000ffd02728})}
  0x0000023aa0e9c654: 0048 be28 | 27d0 ff00 | 0000 0045 | 0fbe 4748 | 4585 c00f | 857c 0700 

  0x0000023aa0e9c66c: ;   {oop(a 'java/awt/image/DirectColorModel'{0x00000000ffd02728})}
  0x0000023aa0e9c66c: 0049 ba28 | 27d0 ff00 | 0000 0044 

  0x0000023aa0e9c678: ;   {oop(a 'java/awt/image/DirectColorModel'{0x00000000ffd02728})}
  0x0000023aa0e9c678: 8952 2449 | b828 27d0 | ff00 0000 | 004c 8bca | 4d33 c849 | c1e9 1449 | 83f9 000f | 856c 0700 
  0x0000023aa0e9c698: 0044 8b42 | 3c44 8b4a | 4048 8bfe 

  0x0000023aa0e9c6a4: ;   {metadata(method data for {method} {0x0000023ab63549e0} 'createBufferedImage' '()V' in 'sun/awt/image/ImageRepresentation')}
  0x0000023aa0e9c6a4: 48bb 58a2 | 39b6 3a02 

  0x0000023aa0e9c6ac: ;   {metadata('java/awt/image/DirectColorModel')}
  0x0000023aa0e9c6ac: 0000 49ba | e09e 001f | 0000 0000 | 4c89 9398 | 0100 0048 | 8383 a001 | 0000 0148 | 8bd6 0f1f 
  0x0000023aa0e9c6cc: ;   {optimized virtual_call}
  0x0000023aa0e9c6cc: 4400 00e8 

  0x0000023aa0e9c6d0: ; ImmutableOopMap {[80]=Oop }
                      ;*invokevirtual createCompatibleWritableRaster {reexecute=0 rethrow=0 return_oop=0}
                      ; - sun.awt.image.ImageRepresentation::createBufferedImage@72 (line 243)
  0x0000023aa0e9c6d0: 0c27 5707 

  0x0000023aa0e9c6d4: ;   {post_call_nop}
  0x0000023aa0e9c6d4: 0f1f 8400 | 4c04 0002 | 450f be47 | 4845 85c0 | 488b 5424 | 500f 852e | 0700 004c | 8bd0 4489 
  0x0000023aa0e9c6f4: 5220 4c8b | c24c 33c0 | 49c1 e814 | 4983 f800 | 0f85 2f07 | 0000 448b | 4224 4c8b 

  0x0000023aa0e9c710: ;   {metadata(method data for {method} {0x0000023ab63549e0} 'createBufferedImage' '()V' in 'sun/awt/image/ImageRepresentation')}
  0x0000023aa0e9c710: ca48 bf58 | a239 b63a 

  0x0000023aa0e9c718: ;   {metadata('sun/awt/image/ImageRepresentation')}
  0x0000023aa0e9c718: 0200 0049 | ba90 471f | 1f00 0000 | 004c 8997 | c801 0000 | 4883 87d0 | 0100 0001 | 4c8b c8bf 
  0x0000023aa0e9c738: 0000 0000 

  0x0000023aa0e9c73c: ;   {oop(nullptr)}
  0x0000023aa0e9c73c: 48be 0000 | 0000 0000 | 0000 488b | da48 8bd3 

  0x0000023aa0e9c74c: ;   {optimized virtual_call}
  0x0000023aa0e9c74c: 6666 90e8 

  0x0000023aa0e9c750: ; ImmutableOopMap {[80]=Oop }
                      ;*invokevirtual createImage {reexecute=0 rethrow=0 return_oop=0}
                      ; - sun.awt.image.ImageRepresentation::createBufferedImage@90 (line 244)
  0x0000023aa0e9c750: 8c26 5707 

  0x0000023aa0e9c754: ;   {post_call_nop}
  0x0000023aa0e9c754: 0f1f 8400 | cc04 0003 | 410f be77 | 4885 f648 | 8b54 2450 | 0f85 e306 | 0000 4c8b | d044 8952 
  0x0000023aa0e9c774: 1c48 8bf2 | 4833 f048 | c1ee 1448 | 83fe 000f | 85e3 0600 | 008b 721c 

  0x0000023aa0e9c78c: ; implicit exception: dispatches to 0x0000023aa0e9ce84
  0x0000023aa0e9c78c: 483b 0648 

  0x0000023aa0e9c790: ;   {metadata(method data for {method} {0x0000023ab63549e0} 'createBufferedImage' '()V' in 'sun/awt/image/ImageRepresentation')}
  0x0000023aa0e9c790: 8bfe 48bb | 58a2 39b6 | 3a02 0000 | 4883 8300 | 0200 0001 | 8b76 248b 

  0x0000023aa0e9c7a8: ;   {metadata(method data for {method} {0x0000023ab63549e0} 'createBufferedImage' '()V' in 'sun/awt/image/ImageRepresentation')}
  0x0000023aa0e9c7a8: 7a24 48bb | 58a2 39b6 | 3a02 0000 | 4883 8320 | 0200 0001 

  0x0000023aa0e9c7bc: ;   {metadata(method data for {method} {0x0000023ab50c7ac0} 'getRGBdefault' '()Ljava/awt/image/ColorModel;' in 'java/awt/image/ColorModel')}
  0x0000023aa0e9c7bc: 48bb 6066 | 39b6 3a02 | 0000 8b83 | 9000 0000 | 83c0 0289 | 8390 0000 | 0025 feff | 1f00 85c0 
  0x0000023aa0e9c7dc: 0f84 a706 

  0x0000023aa0e9c7e0: ;   {oop(a 'java/awt/image/DirectColorModel'{0x00000000ffd02728})}
  0x0000023aa0e9c7e0: 0000 49ba | 2827 d0ff | 0000 0000 

  0x0000023aa0e9c7ec: ;   {metadata(method data for {method} {0x0000023ab63549e0} 'createBufferedImage' '()V' in 'sun/awt/image/ImageRepresentation')}
  0x0000023aa0e9c7ec: 493b fa48 | bb58 a239 | b63a 0200 | 00b8 3002 | 0000 7405 | b840 0200 | 0048 8b0c | 0348 8d49 
  0x0000023aa0e9c80c: 0148 890c | 030f 84fa | 0400 0083 

  0x0000023aa0e9c818: ;   {metadata(method data for {method} {0x0000023ab63549e0} 'createBufferedImage' '()V' in 'sun/awt/image/ImageRepresentation')}
  0x0000023aa0e9c818: fe01 48bb | 58a2 39b6 | 3a02 0000 | b850 0200 | 0074 05b8 | 6002 0000 | 488b 0c03 | 488d 4901 
  0x0000023aa0e9c838: 4889 0c03 | 0f84 cf04 | 0000 83fe 

  0x0000023aa0e9c844: ;   {metadata(method data for {method} {0x0000023ab63549e0} 'createBufferedImage' '()V' in 'sun/awt/image/ImageRepresentation')}
  0x0000023aa0e9c844: 0348 be58 | a239 b63a | 0200 00bb | 8002 0000 | 7405 bb70 | 0200 0048 | 8b04 1e48 | 8d40 0148 
  0x0000023aa0e9c864: 8904 1e0f | 84a4 0400 | 0048 85ff 

  0x0000023aa0e9c870: ;   {metadata(method data for {method} {0x0000023ab63549e0} 'createBufferedImage' '()V' in 'sun/awt/image/ImageRepresentation')}
  0x0000023aa0e9c870: 48b8 58a2 | 39b6 3a02 | 0000 750c | 8088 a102 | 0000 01e9 | a600 0000 | 8b4f 0841 | ba00 0000 
  0x0000023aa0e9c890: 1e49 03ca | 483b 88b0 | 0200 0075 | 0d48 8380 | b802 0000 | 01e9 6000 | 0000 483b | 88c0 0200 
  0x0000023aa0e9c8b0: 0075 0d48 | 8380 c802 | 0000 01e9 | 4a00 0000 | 4883 b8b0 | 0200 0000 | 7517 4889 | 88b0 0200 
  0x0000023aa0e9c8d0: 0048 c780 | b802 0000 | 0100 0000 | e929 0000 | 0048 83b8 | c002 0000 | 0075 1748 | 8988 c002 
  0x0000023aa0e9c8f0: 0000 48c7 | 80c8 0200 | 0001 0000 | 00e9 0800 | 0000 4883 | 80a8 0200 

  0x0000023aa0e9c908: ;   {metadata('java/awt/image/DirectColorModel')}
  0x0000023aa0e9c908: 0001 48b9 | e09e 001f | 0000 0000 | 8b5f 0841 | ba00 0000 | 1e49 03da | 483b cb0f | 8505 0000 
  0x0000023aa0e9c928: 00e9 0500 | 0000 4833 | f6eb 05be | 0100 0000 

  0x0000023aa0e9c938: ;   {metadata(method data for {method} {0x0000023ab63549e0} 'createBufferedImage' '()V' in 'sun/awt/image/ImageRepresentation')}
  0x0000023aa0e9c938: 85f6 48be | 58a2 39b6 | 3a02 0000 | bbd8 0200 | 0074 05bb | e802 0000 | 488b 041e | 488d 4001 
  0x0000023aa0e9c958: 4889 041e | 0f84 c303 | 0000 4885 

  0x0000023aa0e9c964: ;   {metadata(method data for {method} {0x0000023ab63549e0} 'createBufferedImage' '()V' in 'sun/awt/image/ImageRepresentation')}
  0x0000023aa0e9c964: ff48 bb58 | a239 b63a | 0200 0075 | 0c80 8bf1 | 0200 0001 | e9a6 0000 | 008b 4708 | 41ba 0000 
  0x0000023aa0e9c984: 001e 4903 | c248 3b83 | 0003 0000 | 750d 4883 | 8308 0300 | 0001 e960 | 0000 0048 | 3b83 1003 
  0x0000023aa0e9c9a4: 0000 750d | 4883 8318 | 0300 0001 | e94a 0000 | 0048 83bb | 0003 0000 | 0075 1748 | 8983 0003 
  0x0000023aa0e9c9c4: 0000 48c7 | 8308 0300 | 0001 0000 | 00e9 2900 | 0000 4883 | bb10 0300 | 0000 7517 | 4889 8310 
  0x0000023aa0e9c9e4: 0300 0048 | c783 1803 | 0000 0100 | 0000 e908 | 0000 0048 | 8383 f802 

  0x0000023aa0e9c9fc: ;   {metadata('java/awt/image/DirectColorModel')}
  0x0000023aa0e9c9fc: 0000 0148 | b8e0 9e00 | 1f00 0000 | 008b 7708 | 41ba 0000 | 001e 4903 | f248 3bc6 | 0f85 8c04 
  0x0000023aa0e9ca1c: 0000 e900 | 0000 0048 | 8bf7 483b | 0648 8bfe 

  0x0000023aa0e9ca2c: ;   {metadata(method data for {method} {0x0000023ab63549e0} 'createBufferedImage' '()V' in 'sun/awt/image/ImageRepresentation')}
  0x0000023aa0e9ca2c: 48bb 58a2 | 39b6 3a02 | 0000 8b7f | 0841 ba00 | 0000 1e49 | 03fa 483b | bb30 0300 | 0075 0d48 
  0x0000023aa0e9ca4c: 8383 3803 | 0000 01e9 | 6000 0000 | 483b bb40 | 0300 0075 | 0d48 8383 | 4803 0000 | 01e9 4a00 
  0x0000023aa0e9ca6c: 0000 4883 | bb30 0300 | 0000 7517 | 4889 bb30 | 0300 0048 | c783 3803 | 0000 0100 | 0000 e929 
  0x0000023aa0e9ca8c: 0000 0048 | 83bb 4003 | 0000 0075 | 1748 89bb | 4003 0000 | 48c7 8348 | 0300 0001 | 0000 00e9 
  0x0000023aa0e9caac: 0800 0000 | 4883 8328 | 0300 0001 

  0x0000023aa0e9cab8: ;   {metadata(method data for {method} {0x0000023ab50cd9c8} 'getRedMask' '()I' in 'java/awt/image/DirectColorModel')}
  0x0000023aa0e9cab8: 48bf 8859 | b8b6 3a02 | 0000 8b9f | 9000 0000 | 83c3 0289 | 9f90 0000 | 0081 e3fe | ff1f 0085 
  0x0000023aa0e9cad8: db0f 84d9 | 0300 008b | 7e34 837f | 0c00 0f86 | f703 0000 | 8b5f 1081 | fb00 00ff 

  0x0000023aa0e9caf4: ;   {metadata(method data for {method} {0x0000023ab63549e0} 'createBufferedImage' '()V' in 'sun/awt/image/ImageRepresentation')}
  0x0000023aa0e9caf4: 0048 bb58 | a239 b63a | 0200 00b8 | 5803 0000 | 7505 b868 | 0300 0048 | 8b0c 0348 | 8d49 0148 
  0x0000023aa0e9cb14: 890c 030f | 8508 0200 | 0048 8bde 

  0x0000023aa0e9cb20: ;   {metadata(method data for {method} {0x0000023ab63549e0} 'createBufferedImage' '()V' in 'sun/awt/image/ImageRepresentation')}
  0x0000023aa0e9cb20: 48b8 58a2 | 39b6 3a02 | 0000 8b5b | 0841 ba00 | 0000 1e49 | 03da 483b | 9880 0300 | 0075 0d48 
  0x0000023aa0e9cb40: 8380 8803 | 0000 01e9 | 6000 0000 | 483b 9890 | 0300 0075 | 0d48 8380 | 9803 0000 | 01e9 4a00 
  0x0000023aa0e9cb60: 0000 4883 | b880 0300 | 0000 7517 | 4889 9880 | 0300 0048 | c780 8803 | 0000 0100 | 0000 e929 
  0x0000023aa0e9cb80: 0000 0048 | 83b8 9003 | 0000 0075 | 1748 8998 | 9003 0000 | 48c7 8098 | 0300 0001 | 0000 00e9 
  0x0000023aa0e9cba0: 0800 0000 | 4883 8078 | 0300 0001 

  0x0000023aa0e9cbac: ;   {metadata(method data for {method} {0x0000023ab50cda78} 'getGreenMask' '()I' in 'java/awt/image/DirectColorModel')}
  0x0000023aa0e9cbac: 48bb 905a | b8b6 3a02 | 0000 8b83 | 9000 0000 | 83c0 0289 | 8390 0000 | 0025 feff | 1f00 85c0 
  0x0000023aa0e9cbcc: 0f84 2303 | 0000 837f | 0c01 0f86 | 3a03 0000 | 8b5f 1481 | fb00 ff00 

  0x0000023aa0e9cbe4: ;   {metadata(method data for {method} {0x0000023ab63549e0} 'createBufferedImage' '()V' in 'sun/awt/image/ImageRepresentation')}
  0x0000023aa0e9cbe4: 0048 bb58 | a239 b63a | 0200 00b8 | a803 0000 | 7505 b8b8 | 0300 0048 | 8b0c 0348 | 8d49 0148 
  0x0000023aa0e9cc04: 890c 030f | 8518 0100 | 0048 8bde 

  0x0000023aa0e9cc10: ;   {metadata(method data for {method} {0x0000023ab63549e0} 'createBufferedImage' '()V' in 'sun/awt/image/ImageRepresentation')}
  0x0000023aa0e9cc10: 48b8 58a2 | 39b6 3a02 | 0000 8b5b | 0841 ba00 | 0000 1e49 | 03da 483b | 98d0 0300 | 0075 0d48 
  0x0000023aa0e9cc30: 8380 d803 | 0000 01e9 | 6000 0000 | 483b 98e0 | 0300 0075 | 0d48 8380 | e803 0000 | 01e9 4a00 
  0x0000023aa0e9cc50: 0000 4883 | b8d0 0300 | 0000 7517 | 4889 98d0 | 0300 0048 | c780 d803 | 0000 0100 | 0000 e929 
  0x0000023aa0e9cc70: 0000 0048 | 83b8 e003 | 0000 0075 | 1748 8998 | e003 0000 | 48c7 80e8 | 0300 0001 | 0000 00e9 
  0x0000023aa0e9cc90: 0800 0000 | 4883 80c8 | 0300 0001 

  0x0000023aa0e9cc9c: ;   {metadata(method data for {method} {0x0000023ab50cdb28} 'getBlueMask' '()I' in 'java/awt/image/DirectColorModel')}
  0x0000023aa0e9cc9c: 48bb 985b | b8b6 3a02 | 0000 8b83 | 9000 0000 | 83c0 0289 | 8390 0000 | 0025 feff | 1f00 85c0 
  0x0000023aa0e9ccbc: 0f84 6602 | 0000 837f | 0c02 0f86 | 7d02 0000 | 8b77 1881 | feff 0000 

  0x0000023aa0e9ccd4: ;   {metadata(method data for {method} {0x0000023ab63549e0} 'createBufferedImage' '()V' in 'sun/awt/image/ImageRepresentation')}
  0x0000023aa0e9ccd4: 0048 be58 | a239 b63a | 0200 00bf | f803 0000 | 7505 bf08 | 0400 0048 | 8b1c 3e48 | 8d5b 0148 
  0x0000023aa0e9ccf4: 891c 3e0f | 8528 0000 | 00c6 425d | 0148 83c4 

  0x0000023aa0e9cd04: ;   {poll_return}
  0x0000023aa0e9cd04: 605d 493b | 6728 0f87 | 4b02 0000 | c3c6 425d 

  0x0000023aa0e9cd14: ;   {metadata(method data for {method} {0x0000023ab63549e0} 'createBufferedImage' '()V' in 'sun/awt/image/ImageRepresentation')}
  0x0000023aa0e9cd14: 0148 be58 | a239 b63a | 0200 00ff | 8690 0200 | 0048 83c4 

  0x0000023aa0e9cd28: ;   {poll_return}
  0x0000023aa0e9cd28: 605d 493b | 6728 0f87 | 3d02 0000 

  0x0000023aa0e9cd34: ;   {metadata({method} {0x0000023ab63549e0} 'createBufferedImage' '()V' in 'sun/awt/image/ImageRepresentation')}
  0x0000023aa0e9cd34: c349 bad8 | 4935 b63a | 0200 004c | 8954 2408 | 48c7 0424 | ffff ffff 

  0x0000023aa0e9cd4c: ;   {runtime_call C1 Runtime counter_overflow_blob}
  0x0000023aa0e9cd4c: e88f 0664 

  0x0000023aa0e9cd50: ; ImmutableOopMap {rdx=Oop [80]=Oop }
                      ;*synchronization entry
                      ; - sun.awt.image.ImageRepresentation::createBufferedImage@-1 (line 235)
  0x0000023aa0e9cd50: 07e9 96f6 

  0x0000023aa0e9cd54: ;   {runtime_call C1 Runtime throw_null_pointer_exception_blob}
  0x0000023aa0e9cd54: ffff e805 

  0x0000023aa0e9cd58: ; ImmutableOopMap {rdx=Oop rsi=Oop [80]=Oop }
                      ;*invokevirtual createCompatibleWritableRaster {reexecute=0 rethrow=0 return_oop=0}
                      ; - sun.awt.image.ImageRepresentation::createBufferedImage@18 (line 237)
  0x0000023aa0e9cd58: a163 0744 | 8b42 2049 | 83f8 000f | 8456 f7ff | ff4c 8904 

  0x0000023aa0e9cd6c: ;   {runtime_call g1_pre_barrier_slow}
  0x0000023aa0e9cd6c: 24e8 6e0c | 6407 e948 | f7ff ff48 | 83f8 000f | 8459 f7ff | ff48 8914 

  0x0000023aa0e9cd84: ;   {runtime_call g1_post_barrier_slow}
  0x0000023aa0e9cd84: 24e8 560f | 6407 e94b 

  0x0000023aa0e9cd8c: ;   {runtime_call C1 Runtime throw_null_pointer_exception_blob}
  0x0000023aa0e9cd8c: f7ff ffe8 

  0x0000023aa0e9cd90: ; ImmutableOopMap {rax=Oop rdx=Oop r8=Oop [80]=Oop }
                      ;*invokevirtual isAlphaPremultiplied {reexecute=0 rethrow=0 return_oop=0}
                      ; - sun.awt.image.ImageRepresentation::createBufferedImage@38 (line 239)
  0x0000023aa0e9cd90: cca0 6307 | 448b 421c | 4983 f800 | 0f84 25f8 | ffff 4c89 

  0x0000023aa0e9cda4: ;   {runtime_call g1_pre_barrier_slow}
  0x0000023aa0e9cda4: 0424 e835 | 0c64 07e9 | 17f8 ffff | 4883 f800 | 0f84 28f8 | ffff 4889 

  0x0000023aa0e9cdbc: ;   {runtime_call g1_post_barrier_slow}
  0x0000023aa0e9cdbc: 1424 e81d | 0f64 07e9 | 1af8 ffff 

  0x0000023aa0e9cdc8: ;   {metadata({method} {0x0000023ab50c7ac0} 'getRGBdefault' '()Ljava/awt/image/ColorModel;' in 'java/awt/image/ColorModel')}
  0x0000023aa0e9cdc8: 49ba b87a | 0cb5 3a02 | 0000 4c89 | 5424 0848 | c704 24ff 

  0x0000023aa0e9cddc: ;   {runtime_call C1 Runtime counter_overflow_blob}
  0x0000023aa0e9cddc: ffff ffe8 

  0x0000023aa0e9cde0: ; ImmutableOopMap {rdx=Oop [80]=Oop }
                      ;*synchronization entry
                      ; - java.awt.image.ColorModel::getRGBdefault@-1 (line 242)
                      ; - sun.awt.image.ImageRepresentation::createBufferedImage@53 (line 242)
  0x0000023aa0e9cde0: fc05 6407 | e96c f8ff | ff44 8b42 | 2449 83f8 | 000f 8476 | f8ff ff4c 

  0x0000023aa0e9cdf8: ;   {runtime_call g1_pre_barrier_slow}
  0x0000023aa0e9cdf8: 8904 24e8 | e00b 6407 | e968 f8ff | ff49 83f8 | 000f 848a | f8ff ff48 

  0x0000023aa0e9ce10: ;   {runtime_call g1_post_barrier_slow}
  0x0000023aa0e9ce10: 8914 24e8 | c80e 6407 | e97c f8ff | ff44 8b42 | 2049 83f8 | 000f 84c4 | f8ff ff4c 

  0x0000023aa0e9ce2c: ;   {runtime_call g1_pre_barrier_slow}
  0x0000023aa0e9ce2c: 8904 24e8 | ac0b 6407 | e9b6 f8ff | ff48 83f8 | 000f 84c7 | f8ff ff48 

  0x0000023aa0e9ce44: ;   {runtime_call g1_post_barrier_slow}
  0x0000023aa0e9ce44: 8914 24e8 | 940e 6407 | e9b9 f8ff | ff8b 721c | 4883 fe00 | 0f84 10f9 | ffff 4889 

  0x0000023aa0e9ce60: ;   {runtime_call g1_pre_barrier_slow}
  0x0000023aa0e9ce60: 3424 e879 | 0b64 07e9 | 02f9 ffff | 4883 f800 | 0f84 13f9 | ffff 4889 

  0x0000023aa0e9ce78: ;   {runtime_call g1_post_barrier_slow}
  0x0000023aa0e9ce78: 1424 e861 | 0e64 07e9 | 05f9 ffff 

  0x0000023aa0e9ce84: ;   {runtime_call C1 Runtime throw_null_pointer_exception_blob}
  0x0000023aa0e9ce84: e8d7 9f63 

  0x0000023aa0e9ce88: ; ImmutableOopMap {rdx=Oop rsi=Oop [80]=Oop }
                      ;*invokevirtual getType {reexecute=0 rethrow=0 return_oop=0}
                      ; - sun.awt.image.ImageRepresentation::createBufferedImage@100 (line 246)
                      ;   {metadata({method} {0x0000023ab50c7ac0} 'getRGBdefault' '()Ljava/awt/image/ColorModel;' in 'java/awt/image/ColorModel')}
  0x0000023aa0e9ce88: 0749 bab8 | 7a0c b53a | 0200 004c | 8954 2408 | 48c7 0424 | ffff ffff 

  0x0000023aa0e9cea0: ;   {runtime_call C1 Runtime counter_overflow_blob}
  0x0000023aa0e9cea0: e83b 0564 

  0x0000023aa0e9cea4: ; ImmutableOopMap {rdx=Oop rdi=Oop [80]=Oop }
                      ;*synchronization entry
                      ; - java.awt.image.ColorModel::getRGBdefault@-1 (line 242)
                      ; - sun.awt.image.ImageRepresentation::createBufferedImage@108 (line 248)
  0x0000023aa0e9cea4: 07e9 38f9 | ffff 4889 

  0x0000023aa0e9ceac: ;   {runtime_call C1 Runtime throw_class_cast_exception_blob}
  0x0000023aa0e9ceac: 3c24 e82d 

  0x0000023aa0e9ceb0: ; ImmutableOopMap {rdx=Oop [80]=Oop }
                      ;*checkcast {reexecute=0 rethrow=0 return_oop=0}
                      ; - sun.awt.image.ImageRepresentation::createBufferedImage@146 (line 254)
                      ;   {runtime_call C1 Runtime throw_null_pointer_exception_blob}
  0x0000023aa0e9ceb0: d563 07e8 

  0x0000023aa0e9ceb4: ; ImmutableOopMap {rdx=Oop rsi=Oop [80]=Oop }
                      ;*invokevirtual getRedMask {reexecute=0 rethrow=0 return_oop=0}
                      ; - sun.awt.image.ImageRepresentation::createBufferedImage@151 (line 255)
  0x0000023aa0e9ceb4: a89f 6307 

  0x0000023aa0e9ceb8: ;   {metadata({method} {0x0000023ab50cd9c8} 'getRedMask' '()I' in 'java/awt/image/DirectColorModel')}
  0x0000023aa0e9ceb8: 49ba c0d9 | 0cb5 3a02 | 0000 4c89 | 5424 0848 | c704 24ff 

  0x0000023aa0e9cecc: ;   {runtime_call C1 Runtime counter_overflow_blob}
  0x0000023aa0e9cecc: ffff ffe8 

  0x0000023aa0e9ced0: ; ImmutableOopMap {rdx=Oop rsi=Oop [80]=Oop }
                      ;*synchronization entry
                      ; - java.awt.image.DirectColorModel::getRedMask@-1 (line 270)
                      ; - sun.awt.image.ImageRepresentation::createBufferedImage@151 (line 255)
  0x0000023aa0e9ced0: 0c05 6407 | e906 fcff 

  0x0000023aa0e9ced8: ;   {runtime_call C1 Runtime throw_null_pointer_exception_blob}
  0x0000023aa0e9ced8: ffe8 829f 

  0x0000023aa0e9cedc: ; ImmutableOopMap {rdx=Oop rsi=Oop rdi=Oop [80]=Oop }
                      ;*iaload {reexecute=0 rethrow=0 return_oop=0}
                      ; - java.awt.image.DirectColorModel::getRedMask@5 (line 270)
                      ; - sun.awt.image.ImageRepresentation::createBufferedImage@151 (line 255)
                      ;   {runtime_call C1 Runtime throw_null_pointer_exception_blob}
  0x0000023aa0e9cedc: 6307 e87d 

  0x0000023aa0e9cee0: ; ImmutableOopMap {rdx=Oop rsi=Oop rdi=Oop [80]=Oop }
                      ;*iaload {reexecute=0 rethrow=0 return_oop=0}
                      ; - java.awt.image.DirectColorModel::getRedMask@5 (line 270)
                      ; - sun.awt.image.ImageRepresentation::createBufferedImage@151 (line 255)
  0x0000023aa0e9cee0: 9f63 0748 | c704 2400 | 0000 0048 | 897c 2408 

  0x0000023aa0e9cef0: ;   {runtime_call C1 Runtime throw_range_check_failed_blob}
  0x0000023aa0e9cef0: e86b 9663 

  0x0000023aa0e9cef4: ; ImmutableOopMap {rdx=Oop rsi=Oop rdi=Oop [80]=Oop }
                      ;*iaload {reexecute=0 rethrow=0 return_oop=0}
                      ; - java.awt.image.DirectColorModel::getRedMask@5 (line 270)
                      ; - sun.awt.image.ImageRepresentation::createBufferedImage@151 (line 255)
                      ;   {metadata({method} {0x0000023ab50cda78} 'getGreenMask' '()I' in 'java/awt/image/DirectColorModel')}
  0x0000023aa0e9cef4: 0749 ba70 | da0c b53a | 0200 004c | 8954 2408 | 48c7 0424 | ffff ffff 

  0x0000023aa0e9cf0c: ;   {runtime_call C1 Runtime counter_overflow_blob}
  0x0000023aa0e9cf0c: e8cf 0464 

  0x0000023aa0e9cf10: ; ImmutableOopMap {rdi=Oop rsi=Oop rdx=Oop [80]=Oop }
                      ;*synchronization entry
                      ; - java.awt.image.DirectColorModel::getGreenMask@-1 (line 280)
                      ; - sun.awt.image.ImageRepresentation::createBufferedImage@160 (line 256)
  0x0000023aa0e9cf10: 07e9 bcfc | ffff 48c7 | 0424 0100 | 0000 4889 

  0x0000023aa0e9cf20: ;   {runtime_call C1 Runtime throw_range_check_failed_blob}
  0x0000023aa0e9cf20: 7c24 08e8 

  0x0000023aa0e9cf24: ; ImmutableOopMap {rdi=Oop rsi=Oop rdx=Oop [80]=Oop }
                      ;*iaload {reexecute=0 rethrow=0 return_oop=0}
                      ; - java.awt.image.DirectColorModel::getGreenMask@5 (line 280)
                      ; - sun.awt.image.ImageRepresentation::createBufferedImage@160 (line 256)
  0x0000023aa0e9cf24: 3896 6307 

  0x0000023aa0e9cf28: ;   {metadata({method} {0x0000023ab50cdb28} 'getBlueMask' '()I' in 'java/awt/image/DirectColorModel')}
  0x0000023aa0e9cf28: 49ba 20db | 0cb5 3a02 | 0000 4c89 | 5424 0848 | c704 24ff 

  0x0000023aa0e9cf3c: ;   {runtime_call C1 Runtime counter_overflow_blob}
  0x0000023aa0e9cf3c: ffff ffe8 

  0x0000023aa0e9cf40: ; ImmutableOopMap {rdx=Oop rsi=Oop rdi=Oop [80]=Oop }
                      ;*synchronization entry
                      ; - java.awt.image.DirectColorModel::getBlueMask@-1 (line 290)
                      ; - sun.awt.image.ImageRepresentation::createBufferedImage@169 (line 257)
  0x0000023aa0e9cf40: 9c04 6407 | e979 fdff | ff48 c704 | 2402 0000 | 0048 897c 

  0x0000023aa0e9cf54: ;   {runtime_call C1 Runtime throw_range_check_failed_blob}
  0x0000023aa0e9cf54: 2408 e805 

  0x0000023aa0e9cf58: ; ImmutableOopMap {rdx=Oop rdi=Oop [80]=Oop }
                      ;*iaload {reexecute=0 rethrow=0 return_oop=0}
                      ; - java.awt.image.DirectColorModel::getBlueMask@5 (line 290)
                      ; - sun.awt.image.ImageRepresentation::createBufferedImage@169 (line 257)
                      ;   {internal_word}
  0x0000023aa0e9cf58: 9663 0749 | ba06 cde9 | a03a 0200 | 004d 8997 | e004 0000 

  0x0000023aa0e9cf6c: ;   {runtime_call SafepointBlob}
  0x0000023aa0e9cf6c: e9ef 3f57 

  0x0000023aa0e9cf70: ;   {internal_word}
  0x0000023aa0e9cf70: 0749 ba2a | cde9 a03a | 0200 004d | 8997 e004 

  0x0000023aa0e9cf80: ;   {runtime_call SafepointBlob}
  0x0000023aa0e9cf80: 0000 e9d9 | 3f57 0749 | 8b87 8805 | 0000 49c7 | 8788 0500 | 0000 0000 | 0049 c787 | 9005 0000 
  0x0000023aa0e9cfa0: 0000 0000 | 4883 c460 

  0x0000023aa0e9cfa8: ;   {runtime_call C1 Runtime unwind_exception_blob}
  0x0000023aa0e9cfa8: 5de9 b28f | 6307 f4f4 
[Stub Code]
  0x0000023aa0e9cfb0: ;   {other}
  0x0000023aa0e9cfb0: 0f1f 4400 

  0x0000023aa0e9cfb4: ;   {static_stub}
  0x0000023aa0e9cfb4: 0048 bb00 | 0000 0000 

  0x0000023aa0e9cfbc: ;   {runtime_call nmethod}
  0x0000023aa0e9cfbc: 0000 00e9 | fbff ffff 

  0x0000023aa0e9cfc4: ;   {static_stub}
  0x0000023aa0e9cfc4: 9048 bb00 | 0000 0000 

  0x0000023aa0e9cfcc: ;   {runtime_call nmethod}
  0x0000023aa0e9cfcc: 0000 00e9 | fbff ffff 

  0x0000023aa0e9cfd4: ;   {static_stub}
  0x0000023aa0e9cfd4: 9048 bb00 | 0000 0000 

  0x0000023aa0e9cfdc: ;   {runtime_call nmethod}
  0x0000023aa0e9cfdc: 0000 00e9 | fbff ffff 

  0x0000023aa0e9cfe4: ;   {static_stub}
  0x0000023aa0e9cfe4: 48bb 0000 | 0000 0000 

  0x0000023aa0e9cfec: ;   {runtime_call nmethod}
  0x0000023aa0e9cfec: 0000 e9fb 

  0x0000023aa0e9cff0: ;   {runtime_call C1 Runtime handle_exception_from_callee_blob}
  0x0000023aa0e9cff0: ffff ffe8 | e8c6 6307 

  0x0000023aa0e9cff8: ;   {external_word}
  0x0000023aa0e9cff8: 48b9 4000 | 9813 fd7f | 0000 4883 

  0x0000023aa0e9d004: ;   {runtime_call}
  0x0000023aa0e9d004: e4f0 48b8 | c089 5213 | fd7f 0000 

  0x0000023aa0e9d010: ;   {section_word}
  0x0000023aa0e9d010: ffd0 f449 | ba13 d0e9 | a03a 0200 

  0x0000023aa0e9d01c: ;   {runtime_call DeoptimizationBlob}
  0x0000023aa0e9d01c: 0041 52e9 | 3c42 5707 | f4f4 f4f4 
[/MachCode]


---------------  P R O C E S S  ---------------

Threads class SMR info:
_java_thread_list=0x0000023abc13c380, length=21, elements={
0x0000023ab4a90a20, 0x0000023ab4a93b40, 0x0000023ab4a973e0, 0x0000023ab4a97fa0,
0x0000023ab4a98b60, 0x0000023ab4a99720, 0x0000023ab4aa2620, 0x0000023ab4aa66f0,
0x0000023ab4b585f0, 0x0000023ab4b59200, 0x0000023ab9468580, 0x0000023ab91d4b20,
0x0000023ab91d55d0, 0x0000023ab91d7a80, 0x0000023a960e0b70, 0x0000023aba3340f0,
0x0000023aba32c970, 0x0000023aba43faa0, 0x0000023aba448af0, 0x0000023abc1553f0,
0x0000023ab4a9f920
}

Java Threads: ( => current thread )
  0x0000023ab4a90a20 JavaThread "Reference Handler"          daemon [_thread_blocked, id=6164, stack(0x000000ce4ba00000,0x000000ce4bb00000) (1024K)]
  0x0000023ab4a93b40 JavaThread "Finalizer"                  daemon [_thread_blocked, id=15708, stack(0x000000ce4bb00000,0x000000ce4bc00000) (1024K)]
  0x0000023ab4a973e0 JavaThread "Signal Dispatcher"          daemon [_thread_blocked, id=10548, stack(0x000000ce4bc00000,0x000000ce4bd00000) (1024K)]
  0x0000023ab4a97fa0 JavaThread "Attach Listener"            daemon [_thread_blocked, id=16412, stack(0x000000ce4bd00000,0x000000ce4be00000) (1024K)]
  0x0000023ab4a98b60 JavaThread "Service Thread"             daemon [_thread_blocked, id=16472, stack(0x000000ce4be00000,0x000000ce4bf00000) (1024K)]
  0x0000023ab4a99720 JavaThread "Monitor Deflation Thread"   daemon [_thread_blocked, id=7360, stack(0x000000ce4bf00000,0x000000ce4c000000) (1024K)]
  0x0000023ab4aa2620 JavaThread "C2 CompilerThread0"         daemon [_thread_blocked, id=9736, stack(0x000000ce4c000000,0x000000ce4c100000) (1024K)]
  0x0000023ab4aa66f0 JavaThread "C1 CompilerThread0"         daemon [_thread_blocked, id=5100, stack(0x000000ce4c100000,0x000000ce4c200000) (1024K)]
  0x0000023ab4b585f0 JavaThread "Notification Thread"        daemon [_thread_blocked, id=12464, stack(0x000000ce4c200000,0x000000ce4c300000) (1024K)]
  0x0000023ab4b59200 JavaThread "Common-Cleaner"             daemon [_thread_blocked, id=16696, stack(0x000000ce4c300000,0x000000ce4c400000) (1024K)]
  0x0000023ab9468580 JavaThread "Java2D Disposer"            daemon [_thread_blocked, id=1340, stack(0x000000ce4c500000,0x000000ce4c600000) (1024K)]
  0x0000023ab91d4b20 JavaThread "AWT-Shutdown"                      [_thread_blocked, id=2632, stack(0x000000ce4c600000,0x000000ce4c700000) (1024K)]
  0x0000023ab91d55d0 JavaThread "AWT-Windows"                daemon [_thread_in_native, id=16164, stack(0x000000ce4c700000,0x000000ce4c800000) (1024K)]
  0x0000023ab91d7a80 JavaThread "AWT-EventQueue-0"                  [_thread_blocked, id=11268, stack(0x000000ce4c800000,0x000000ce4c900000) (1024K)]
  0x0000023a960e0b70 JavaThread "DestroyJavaVM"                     [_thread_blocked, id=7336, stack(0x000000ce4b200000,0x000000ce4b300000) (1024K)]
  0x0000023aba3340f0 JavaThread "oracle.jdbc.diagnostics.Diagnostic.CLOCK" daemon [_thread_blocked, id=14128, stack(0x000000ce4c400000,0x000000ce4c500000) (1024K)]
  0x0000023aba32c970 JavaThread "oracle.jdbc.driver.BlockSource.ThreadedCachingBlockSource.BlockReleaser" daemon [_thread_blocked, id=5716, stack(0x000000ce4cc00000,0x000000ce4cd00000) (1024K)]
  0x0000023aba43faa0 JavaThread "InterruptTimer"             daemon [_thread_blocked, id=14504, stack(0x000000ce4cf00000,0x000000ce4d000000) (1024K)]
  0x0000023aba448af0 JavaThread "TimerQueue"                 daemon [_thread_blocked, id=16928, stack(0x000000ce4d200000,0x000000ce4d300000) (1024K)]
  0x0000023abc1553f0 JavaThread "OJDBC-WORKER-THREAD-3"      daemon [_thread_blocked, id=5272, stack(0x000000ce4af00000,0x000000ce4b000000) (1024K)]
=>0x0000023ab4a9f920 JavaThread "Image Fetcher 0"            daemon [_thread_in_vm, id=3968, stack(0x000000ce4b100000,0x000000ce4b200000) (1024K)]
Total: 21

Other Threads:
  0x0000023ab4a7f1d0 VMThread "VM Thread"                           [id=9028, stack(0x000000ce4b900000,0x000000ce4ba00000) (1024K)]
  0x0000023a98455a60 WatcherThread "VM Periodic Task Thread"        [id=2640, stack(0x000000ce4b800000,0x000000ce4b900000) (1024K)]
  0x0000023a983e8ea0 WorkerThread "GC Thread#0"                     [id=11564, stack(0x000000ce4b300000,0x000000ce4b400000) (1024K)]
  0x0000023aba332780 WorkerThread "GC Thread#1"                     [id=12760, stack(0x000000ce4c900000,0x000000ce4ca00000) (1024K)]
  0x0000023aba339cd0 WorkerThread "GC Thread#2"                     [id=3688, stack(0x000000ce4ca00000,0x000000ce4cb00000) (1024K)]
  0x0000023aba329e60 WorkerThread "GC Thread#3"                     [id=7876, stack(0x000000ce4cb00000,0x000000ce4cc00000) (1024K)]
  0x0000023a98401c70 ConcurrentGCThread "G1 Main Marker"            [id=7768, stack(0x000000ce4b400000,0x000000ce4b500000) (1024K)]
  0x0000023a98403fc0 WorkerThread "G1 Conc#0"                       [id=7184, stack(0x000000ce4b500000,0x000000ce4b600000) (1024K)]
  0x0000023a98437b60 ConcurrentGCThread "G1 Refine#0"               [id=5656, stack(0x000000ce4b600000,0x000000ce4b700000) (1024K)]
  0x0000023a98439780 ConcurrentGCThread "G1 Service"                [id=12088, stack(0x000000ce4b700000,0x000000ce4b800000) (1024K)]
Total: 10

Threads with active compile tasks:
Total: 0

VM state: not at safepoint (normal execution)

VM Mutex/Monitor currently owned by a thread:  ([mutex/lock_event])
[0x00007ffd13c764e8] Heap_lock - owner thread: 0x0000023ab4a9f920

Heap address: 0x0000000081800000, size: 2024 MB, Compressed Oops mode: 32-bit

CDS archive(s) mapped at: [0x000000001e000000-0x000000001edd0000-0x000000001edd0000), size 14483456, SharedBaseAddress: 0x000000001e000000, ArchiveRelocationMode: 1.
Compressed class space mapped at: 0x000000001f000000-0x000000005f000000, reserved size: 1073741824
UseCompressedClassPointers 1, UseCompactObjectHeaders 0
Narrow klass pointer bits 32, Max shift 3
Narrow klass base: 0x000000001e000000, Narrow klass shift: 0
Encoding Range: [0x000000001e000000 - 0x000000011e000000), (4294967296 bytes)
Klass Range:    [0x000000001e010000 - 0x000000005f000000), (1090453504 bytes)
Klass ID Range:  [65536 - 1090519033) (1090453497)
Protection zone: [0x000000001e000000 - 0x000000001e010000), (65536 bytes)

GC Precious Log:
 CardTable entry size: 512
 Card Set container configuration: InlinePtr #cards 5 size 8 Array Of Cards #cards 10 size 36 Howl #buckets 4 coarsen threshold 1843 Howl Bitmap #cards 512 size 80 coarsen threshold 460 Card regions per heap region 1 cards per card region 2048
 CPUs: 4 total, 4 available
 Memory: 8088M
 Large Page Support: Disabled
 NUMA Support: Disabled
 Compressed Oops: Enabled (32-bit)
 Heap Region Size: 1M
 Heap Min Capacity: 8M
 Heap Initial Capacity: 128M
 Heap Max Capacity: 2024M
 Pre-touch: Disabled
 Parallel Workers: 4
 Concurrent Workers: 1
 Concurrent Refinement Workers: 4
 Periodic GC: Disabled

Heap:
 garbage-first heap   total reserved 2072576K, committed 1028096K, used 805894K [0x0000000081800000, 0x0000000100000000)
  region size 1024K, 252 young (258048K), 3 survivors (3072K)

Heap Regions: E=young(eden), S=young(survivor), O=old, HS=humongous(starts), HC=humongous(continues), CS=collection set, F=free, TAMS=top-at-mark-start, PB=parsable bottom
|   0|0x0000000081800000, 0x0000000081900000, 0x0000000081900000|100%| O|  |TAMS 0x0000000081800000| PB 0x0000000081800000| Untracked |  0
|   1|0x0000000081900000, 0x0000000081a00000, 0x0000000081a00000|100%| O|  |TAMS 0x0000000081900000| PB 0x0000000081900000| Untracked |  0
|   2|0x0000000081a00000, 0x0000000081b00000, 0x0000000081b00000|100%| O|  |TAMS 0x0000000081a00000| PB 0x0000000081a00000| Untracked |  0
|   3|0x0000000081b00000, 0x0000000081c00000, 0x0000000081c00000|100%|HS|  |TAMS 0x0000000081b00000| PB 0x0000000081b00000| Complete |  0
|   4|0x0000000081c00000, 0x0000000081d00000, 0x0000000081d00000|100%|HC|  |TAMS 0x0000000081c00000| PB 0x0000000081c00000| Complete |  0
|   5|0x0000000081d00000, 0x0000000081e00000, 0x0000000081e00000|100%|HS|  |TAMS 0x0000000081d00000| PB 0x0000000081d00000| Complete |  0
|   6|0x0000000081e00000, 0x0000000081f00000, 0x0000000081f00000|100%|HC|  |TAMS 0x0000000081e00000| PB 0x0000000081e00000| Complete |  0
|   7|0x0000000081f00000, 0x0000000082000000, 0x0000000082000000|100%| O|  |TAMS 0x0000000081f00000| PB 0x0000000081f00000| Untracked |  0
|   8|0x0000000082000000, 0x0000000082100000, 0x0000000082100000|100%| O|  |TAMS 0x0000000082000000| PB 0x0000000082000000| Untracked |  0
|   9|0x0000000082100000, 0x0000000082200000, 0x0000000082200000|100%| O|  |TAMS 0x0000000082100000| PB 0x0000000082100000| Untracked |  0
|  10|0x0000000082200000, 0x0000000082300000, 0x0000000082300000|100%| O|  |TAMS 0x0000000082200000| PB 0x0000000082200000| Untracked |  0
|  11|0x0000000082300000, 0x0000000082400000, 0x0000000082400000|100%| O|  |TAMS 0x0000000082300000| PB 0x0000000082300000| Untracked |  0
|  12|0x0000000082400000, 0x0000000082500000, 0x0000000082500000|100%| O|  |TAMS 0x0000000082400000| PB 0x0000000082400000| Untracked |  0
|  13|0x0000000082500000, 0x0000000082600000, 0x0000000082600000|100%|HS|  |TAMS 0x0000000082500000| PB 0x0000000082500000| Complete |  0
|  14|0x0000000082600000, 0x0000000082700000, 0x0000000082700000|100%|HC|  |TAMS 0x0000000082600000| PB 0x0000000082600000| Complete |  0
|  15|0x0000000082700000, 0x0000000082800000, 0x0000000082800000|100%|HC|  |TAMS 0x0000000082700000| PB 0x0000000082700000| Complete |  0
|  16|0x0000000082800000, 0x0000000082900000, 0x0000000082900000|100%|HC|  |TAMS 0x0000000082800000| PB 0x0000000082800000| Complete |  0
|  17|0x0000000082900000, 0x0000000082a00000, 0x0000000082a00000|100%|HC|  |TAMS 0x0000000082900000| PB 0x0000000082900000| Complete |  0
|  18|0x0000000082a00000, 0x0000000082b00000, 0x0000000082b00000|100%|HC|  |TAMS 0x0000000082a00000| PB 0x0000000082a00000| Complete |  0
|  19|0x0000000082b00000, 0x0000000082c00000, 0x0000000082c00000|100%|HC|  |TAMS 0x0000000082b00000| PB 0x0000000082b00000| Complete |  0
|  20|0x0000000082c00000, 0x0000000082c00000, 0x0000000082d00000|  0%| F|  |TAMS 0x0000000082c00000| PB 0x0000000082c00000| Untracked |  0
|  21|0x0000000082d00000, 0x0000000082e00000, 0x0000000082e00000|100%|HS|  |TAMS 0x0000000082d00000| PB 0x0000000082d00000| Complete |  0
|  22|0x0000000082e00000, 0x0000000082f00000, 0x0000000082f00000|100%|HC|  |TAMS 0x0000000082e00000| PB 0x0000000082e00000| Complete |  0
|  23|0x0000000082f00000, 0x0000000082f00000, 0x0000000083000000|  0%| F|  |TAMS 0x0000000082f00000| PB 0x0000000082f00000| Untracked |  0
|  24|0x0000000083000000, 0x0000000083100000, 0x0000000083100000|100%|HS|  |TAMS 0x0000000083000000| PB 0x0000000083000000| Complete |  0
|  25|0x0000000083100000, 0x0000000083200000, 0x0000000083200000|100%|HC|  |TAMS 0x0000000083100000| PB 0x0000000083100000| Complete |  0
|  26|0x0000000083200000, 0x0000000083300000, 0x0000000083300000|100%|HC|  |TAMS 0x0000000083200000| PB 0x0000000083200000| Complete |  0
|  27|0x0000000083300000, 0x0000000083400000, 0x0000000083400000|100%|HC|  |TAMS 0x0000000083300000| PB 0x0000000083300000| Complete |  0
|  28|0x0000000083400000, 0x0000000083500000, 0x0000000083500000|100%|HC|  |TAMS 0x0000000083400000| PB 0x0000000083400000| Complete |  0
|  29|0x0000000083500000, 0x0000000083600000, 0x0000000083600000|100%|HC|  |TAMS 0x0000000083500000| PB 0x0000000083500000| Complete |  0
|  30|0x0000000083600000, 0x0000000083700000, 0x0000000083700000|100%|HC|  |TAMS 0x0000000083600000| PB 0x0000000083600000| Complete |  0
|  31|0x0000000083700000, 0x0000000083800000, 0x0000000083800000|100%|HC|  |TAMS 0x0000000083700000| PB 0x0000000083700000| Complete |  0
|  32|0x0000000083800000, 0x0000000083900000, 0x0000000083900000|100%|HC|  |TAMS 0x0000000083800000| PB 0x0000000083800000| Complete |  0
|  33|0x0000000083900000, 0x0000000083a00000, 0x0000000083a00000|100%|HC|  |TAMS 0x0000000083900000| PB 0x0000000083900000| Complete |  0
|  34|0x0000000083a00000, 0x0000000083b00000, 0x0000000083b00000|100%|HC|  |TAMS 0x0000000083a00000| PB 0x0000000083a00000| Complete |  0
|  35|0x0000000083b00000, 0x0000000083c00000, 0x0000000083c00000|100%|HC|  |TAMS 0x0000000083b00000| PB 0x0000000083b00000| Complete |  0
|  36|0x0000000083c00000, 0x0000000083d00000, 0x0000000083d00000|100%|HC|  |TAMS 0x0000000083c00000| PB 0x0000000083c00000| Complete |  0
|  37|0x0000000083d00000, 0x0000000083e00000, 0x0000000083e00000|100%|HC|  |TAMS 0x0000000083d00000| PB 0x0000000083d00000| Complete |  0
|  38|0x0000000083e00000, 0x0000000083f00000, 0x0000000083f00000|100%|HC|  |TAMS 0x0000000083e00000| PB 0x0000000083e00000| Complete |  0
|  39|0x0000000083f00000, 0x0000000084000000, 0x0000000084000000|100%|HC|  |TAMS 0x0000000083f00000| PB 0x0000000083f00000| Complete |  0
|  40|0x0000000084000000, 0x0000000084100000, 0x0000000084100000|100%|HC|  |TAMS 0x0000000084000000| PB 0x0000000084000000| Complete |  0
|  41|0x0000000084100000, 0x0000000084200000, 0x0000000084200000|100%|HC|  |TAMS 0x0000000084100000| PB 0x0000000084100000| Complete |  0
|  42|0x0000000084200000, 0x0000000084300000, 0x0000000084300000|100%|HC|  |TAMS 0x0000000084200000| PB 0x0000000084200000| Complete |  0
|  43|0x0000000084300000, 0x0000000084400000, 0x0000000084400000|100%|HC|  |TAMS 0x0000000084300000| PB 0x0000000084300000| Complete |  0
|  44|0x0000000084400000, 0x0000000084500000, 0x0000000084500000|100%|HC|  |TAMS 0x0000000084400000| PB 0x0000000084400000| Complete |  0
|  45|0x0000000084500000, 0x0000000084600000, 0x0000000084600000|100%|HC|  |TAMS 0x0000000084500000| PB 0x0000000084500000| Complete |  0
|  46|0x0000000084600000, 0x0000000084700000, 0x0000000084700000|100%|HC|  |TAMS 0x0000000084600000| PB 0x0000000084600000| Complete |  0
|  47|0x0000000084700000, 0x0000000084800000, 0x0000000084800000|100%|HC|  |TAMS 0x0000000084700000| PB 0x0000000084700000| Complete |  0
|  48|0x0000000084800000, 0x0000000084900000, 0x0000000084900000|100%|HC|  |TAMS 0x0000000084800000| PB 0x0000000084800000| Complete |  0
|  49|0x0000000084900000, 0x0000000084a00000, 0x0000000084a00000|100%|HC|  |TAMS 0x0000000084900000| PB 0x0000000084900000| Complete |  0
|  50|0x0000000084a00000, 0x0000000084b00000, 0x0000000084b00000|100%|HC|  |TAMS 0x0000000084a00000| PB 0x0000000084a00000| Complete |  0
|  51|0x0000000084b00000, 0x0000000084c00000, 0x0000000084c00000|100%|HC|  |TAMS 0x0000000084b00000| PB 0x0000000084b00000| Complete |  0
|  52|0x0000000084c00000, 0x0000000084d00000, 0x0000000084d00000|100%|HC|  |TAMS 0x0000000084c00000| PB 0x0000000084c00000| Complete |  0
|  53|0x0000000084d00000, 0x0000000084e00000, 0x0000000084e00000|100%|HC|  |TAMS 0x0000000084d00000| PB 0x0000000084d00000| Complete |  0
|  54|0x0000000084e00000, 0x0000000084f00000, 0x0000000084f00000|100%|HC|  |TAMS 0x0000000084e00000| PB 0x0000000084e00000| Complete |  0
|  55|0x0000000084f00000, 0x0000000085000000, 0x0000000085000000|100%|HC|  |TAMS 0x0000000084f00000| PB 0x0000000084f00000| Complete |  0
|  56|0x0000000085000000, 0x0000000085100000, 0x0000000085100000|100%|HC|  |TAMS 0x0000000085000000| PB 0x0000000085000000| Complete |  0
|  57|0x0000000085100000, 0x0000000085200000, 0x0000000085200000|100%|HC|  |TAMS 0x0000000085100000| PB 0x0000000085100000| Complete |  0
|  58|0x0000000085200000, 0x0000000085300000, 0x0000000085300000|100%|HC|  |TAMS 0x0000000085200000| PB 0x0000000085200000| Complete |  0
|  59|0x0000000085300000, 0x0000000085400000, 0x0000000085400000|100%|HC|  |TAMS 0x0000000085300000| PB 0x0000000085300000| Complete |  0
|  60|0x0000000085400000, 0x0000000085500000, 0x0000000085500000|100%|HC|  |TAMS 0x0000000085400000| PB 0x0000000085400000| Complete |  0
|  61|0x0000000085500000, 0x0000000085600000, 0x0000000085600000|100%|HC|  |TAMS 0x0000000085500000| PB 0x0000000085500000| Complete |  0
|  62|0x0000000085600000, 0x0000000085700000, 0x0000000085700000|100%|HC|  |TAMS 0x0000000085600000| PB 0x0000000085600000| Complete |  0
|  63|0x0000000085700000, 0x0000000085800000, 0x0000000085800000|100%|HC|  |TAMS 0x0000000085700000| PB 0x0000000085700000| Complete |  0
|  64|0x0000000085800000, 0x0000000085900000, 0x0000000085900000|100%|HC|  |TAMS 0x0000000085800000| PB 0x0000000085800000| Complete |  0
|  65|0x0000000085900000, 0x0000000085a00000, 0x0000000085a00000|100%|HC|  |TAMS 0x0000000085900000| PB 0x0000000085900000| Complete |  0
|  66|0x0000000085a00000, 0x0000000085b00000, 0x0000000085b00000|100%|HC|  |TAMS 0x0000000085a00000| PB 0x0000000085a00000| Complete |  0
|  67|0x0000000085b00000, 0x0000000085c00000, 0x0000000085c00000|100%|HC|  |TAMS 0x0000000085b00000| PB 0x0000000085b00000| Complete |  0
|  68|0x0000000085c00000, 0x0000000085d00000, 0x0000000085d00000|100%|HC|  |TAMS 0x0000000085c00000| PB 0x0000000085c00000| Complete |  0
|  69|0x0000000085d00000, 0x0000000085e00000, 0x0000000085e00000|100%|HC|  |TAMS 0x0000000085d00000| PB 0x0000000085d00000| Complete |  0
|  70|0x0000000085e00000, 0x0000000085f00000, 0x0000000085f00000|100%|HC|  |TAMS 0x0000000085e00000| PB 0x0000000085e00000| Complete |  0
|  71|0x0000000085f00000, 0x0000000086000000, 0x0000000086000000|100%|HS|  |TAMS 0x0000000085f00000| PB 0x0000000085f00000| Complete |  0
|  72|0x0000000086000000, 0x0000000086100000, 0x0000000086100000|100%|HC|  |TAMS 0x0000000086000000| PB 0x0000000086000000| Complete |  0
|  73|0x0000000086100000, 0x0000000086200000, 0x0000000086200000|100%|HS|  |TAMS 0x0000000086100000| PB 0x0000000086100000| Complete |  0
|  74|0x0000000086200000, 0x0000000086300000, 0x0000000086300000|100%|HC|  |TAMS 0x0000000086200000| PB 0x0000000086200000| Complete |  0
|  75|0x0000000086300000, 0x0000000086400000, 0x0000000086400000|100%|HS|  |TAMS 0x0000000086300000| PB 0x0000000086300000| Complete |  0
|  76|0x0000000086400000, 0x0000000086500000, 0x0000000086500000|100%|HC|  |TAMS 0x0000000086400000| PB 0x0000000086400000| Complete |  0
|  77|0x0000000086500000, 0x0000000086600000, 0x0000000086600000|100%|HS|  |TAMS 0x0000000086500000| PB 0x0000000086500000| Complete |  0
|  78|0x0000000086600000, 0x0000000086700000, 0x0000000086700000|100%|HC|  |TAMS 0x0000000086600000| PB 0x0000000086600000| Complete |  0
|  79|0x0000000086700000, 0x0000000086800000, 0x0000000086800000|100%|HS|  |TAMS 0x0000000086700000| PB 0x0000000086700000| Complete |  0
|  80|0x0000000086800000, 0x0000000086900000, 0x0000000086900000|100%|HC|  |TAMS 0x0000000086800000| PB 0x0000000086800000| Complete |  0
|  81|0x0000000086900000, 0x0000000086a00000, 0x0000000086a00000|100%|HS|  |TAMS 0x0000000086900000| PB 0x0000000086900000| Complete |  0
|  82|0x0000000086a00000, 0x0000000086b00000, 0x0000000086b00000|100%|HC|  |TAMS 0x0000000086a00000| PB 0x0000000086a00000| Complete |  0
|  83|0x0000000086b00000, 0x0000000086c00000, 0x0000000086c00000|100%|HS|  |TAMS 0x0000000086b00000| PB 0x0000000086b00000| Complete |  0
|  84|0x0000000086c00000, 0x0000000086d00000, 0x0000000086d00000|100%|HC|  |TAMS 0x0000000086c00000| PB 0x0000000086c00000| Complete |  0
|  85|0x0000000086d00000, 0x0000000086e00000, 0x0000000086e00000|100%|HS|  |TAMS 0x0000000086d00000| PB 0x0000000086d00000| Complete |  0
|  86|0x0000000086e00000, 0x0000000086f00000, 0x0000000086f00000|100%|HC|  |TAMS 0x0000000086e00000| PB 0x0000000086e00000| Complete |  0
|  87|0x0000000086f00000, 0x0000000087000000, 0x0000000087000000|100%|HS|  |TAMS 0x0000000086f00000| PB 0x0000000086f00000| Complete |  0
|  88|0x0000000087000000, 0x0000000087100000, 0x0000000087100000|100%|HC|  |TAMS 0x0000000087000000| PB 0x0000000087000000| Complete |  0
|  89|0x0000000087100000, 0x0000000087200000, 0x0000000087200000|100%|HS|  |TAMS 0x0000000087100000| PB 0x0000000087100000| Complete |  0
|  90|0x0000000087200000, 0x0000000087300000, 0x0000000087300000|100%|HC|  |TAMS 0x0000000087200000| PB 0x0000000087200000| Complete |  0
|  91|0x0000000087300000, 0x0000000087400000, 0x0000000087400000|100%|HS|  |TAMS 0x0000000087300000| PB 0x0000000087300000| Complete |  0
|  92|0x0000000087400000, 0x0000000087500000, 0x0000000087500000|100%|HC|  |TAMS 0x0000000087400000| PB 0x0000000087400000| Complete |  0
|  93|0x0000000087500000, 0x0000000087600000, 0x0000000087600000|100%|HS|  |TAMS 0x0000000087500000| PB 0x0000000087500000| Complete |  0
|  94|0x0000000087600000, 0x0000000087700000, 0x0000000087700000|100%|HC|  |TAMS 0x0000000087600000| PB 0x0000000087600000| Complete |  0
|  95|0x0000000087700000, 0x0000000087800000, 0x0000000087800000|100%|HS|  |TAMS 0x0000000087700000| PB 0x0000000087700000| Complete |  0
|  96|0x0000000087800000, 0x0000000087900000, 0x0000000087900000|100%|HC|  |TAMS 0x0000000087800000| PB 0x0000000087800000| Complete |  0
|  97|0x0000000087900000, 0x0000000087a00000, 0x0000000087a00000|100%|HS|  |TAMS 0x0000000087900000| PB 0x0000000087900000| Complete |  0
|  98|0x0000000087a00000, 0x0000000087b00000, 0x0000000087b00000|100%|HC|  |TAMS 0x0000000087a00000| PB 0x0000000087a00000| Complete |  0
|  99|0x0000000087b00000, 0x0000000087c00000, 0x0000000087c00000|100%|HS|  |TAMS 0x0000000087b00000| PB 0x0000000087b00000| Complete |  0
| 100|0x0000000087c00000, 0x0000000087d00000, 0x0000000087d00000|100%|HC|  |TAMS 0x0000000087c00000| PB 0x0000000087c00000| Complete |  0
| 101|0x0000000087d00000, 0x0000000087e00000, 0x0000000087e00000|100%|HS|  |TAMS 0x0000000087d00000| PB 0x0000000087d00000| Complete |  0
| 102|0x0000000087e00000, 0x0000000087f00000, 0x0000000087f00000|100%|HC|  |TAMS 0x0000000087e00000| PB 0x0000000087e00000| Complete |  0
| 103|0x0000000087f00000, 0x0000000088000000, 0x0000000088000000|100%|HS|  |TAMS 0x0000000087f00000| PB 0x0000000087f00000| Complete |  0
| 104|0x0000000088000000, 0x0000000088100000, 0x0000000088100000|100%|HC|  |TAMS 0x0000000088000000| PB 0x0000000088000000| Complete |  0
| 105|0x0000000088100000, 0x0000000088200000, 0x0000000088200000|100%|HS|  |TAMS 0x0000000088100000| PB 0x0000000088100000| Complete |  0
| 106|0x0000000088200000, 0x0000000088300000, 0x0000000088300000|100%|HC|  |TAMS 0x0000000088200000| PB 0x0000000088200000| Complete |  0
| 107|0x0000000088300000, 0x0000000088400000, 0x0000000088400000|100%|HS|  |TAMS 0x0000000088300000| PB 0x0000000088300000| Complete |  0
| 108|0x0000000088400000, 0x0000000088500000, 0x0000000088500000|100%|HC|  |TAMS 0x0000000088400000| PB 0x0000000088400000| Complete |  0
| 109|0x0000000088500000, 0x0000000088600000, 0x0000000088600000|100%|HS|  |TAMS 0x0000000088500000| PB 0x0000000088500000| Complete |  0
| 110|0x0000000088600000, 0x0000000088700000, 0x0000000088700000|100%|HC|  |TAMS 0x0000000088600000| PB 0x0000000088600000| Complete |  0
| 111|0x0000000088700000, 0x0000000088800000, 0x0000000088800000|100%|HS|  |TAMS 0x0000000088700000| PB 0x0000000088700000| Complete |  0
| 112|0x0000000088800000, 0x0000000088900000, 0x0000000088900000|100%|HC|  |TAMS 0x0000000088800000| PB 0x0000000088800000| Complete |  0
| 113|0x0000000088900000, 0x0000000088a00000, 0x0000000088a00000|100%|HS|  |TAMS 0x0000000088900000| PB 0x0000000088900000| Complete |  0
| 114|0x0000000088a00000, 0x0000000088b00000, 0x0000000088b00000|100%|HC|  |TAMS 0x0000000088a00000| PB 0x0000000088a00000| Complete |  0
| 115|0x0000000088b00000, 0x0000000088c00000, 0x0000000088c00000|100%|HS|  |TAMS 0x0000000088b00000| PB 0x0000000088b00000| Complete |  0
| 116|0x0000000088c00000, 0x0000000088d00000, 0x0000000088d00000|100%|HC|  |TAMS 0x0000000088c00000| PB 0x0000000088c00000| Complete |  0
| 117|0x0000000088d00000, 0x0000000088e00000, 0x0000000088e00000|100%|HS|  |TAMS 0x0000000088d00000| PB 0x0000000088d00000| Complete |  0
| 118|0x0000000088e00000, 0x0000000088f00000, 0x0000000088f00000|100%|HC|  |TAMS 0x0000000088e00000| PB 0x0000000088e00000| Complete |  0
| 119|0x0000000088f00000, 0x0000000089000000, 0x0000000089000000|100%|HS|  |TAMS 0x0000000088f00000| PB 0x0000000088f00000| Complete |  0
| 120|0x0000000089000000, 0x0000000089100000, 0x0000000089100000|100%|HC|  |TAMS 0x0000000089000000| PB 0x0000000089000000| Complete |  0
| 121|0x0000000089100000, 0x0000000089200000, 0x0000000089200000|100%|HS|  |TAMS 0x0000000089100000| PB 0x0000000089100000| Complete |  0
| 122|0x0000000089200000, 0x0000000089300000, 0x0000000089300000|100%|HC|  |TAMS 0x0000000089200000| PB 0x0000000089200000| Complete |  0
| 123|0x0000000089300000, 0x0000000089400000, 0x0000000089400000|100%|HS|  |TAMS 0x0000000089300000| PB 0x0000000089300000| Complete |  0
| 124|0x0000000089400000, 0x0000000089500000, 0x0000000089500000|100%|HC|  |TAMS 0x0000000089400000| PB 0x0000000089400000| Complete |  0
| 125|0x0000000089500000, 0x0000000089600000, 0x0000000089600000|100%|HS|  |TAMS 0x0000000089500000| PB 0x0000000089500000| Complete |  0
| 126|0x0000000089600000, 0x0000000089700000, 0x0000000089700000|100%|HC|  |TAMS 0x0000000089600000| PB 0x0000000089600000| Complete |  0
| 127|0x0000000089700000, 0x0000000089800000, 0x0000000089800000|100%|HS|  |TAMS 0x0000000089700000| PB 0x0000000089700000| Complete |  0
| 128|0x0000000089800000, 0x0000000089900000, 0x0000000089900000|100%|HC|  |TAMS 0x0000000089800000| PB 0x0000000089800000| Complete |  0
| 129|0x0000000089900000, 0x0000000089a00000, 0x0000000089a00000|100%|HS|  |TAMS 0x0000000089900000| PB 0x0000000089900000| Complete |  0
| 130|0x0000000089a00000, 0x0000000089b00000, 0x0000000089b00000|100%|HC|  |TAMS 0x0000000089a00000| PB 0x0000000089a00000| Complete |  0
| 131|0x0000000089b00000, 0x0000000089c00000, 0x0000000089c00000|100%|HS|  |TAMS 0x0000000089b00000| PB 0x0000000089b00000| Complete |  0
| 132|0x0000000089c00000, 0x0000000089d00000, 0x0000000089d00000|100%|HC|  |TAMS 0x0000000089c00000| PB 0x0000000089c00000| Complete |  0
| 133|0x0000000089d00000, 0x0000000089e00000, 0x0000000089e00000|100%| O|Cm|TAMS 0x0000000089d00000| PB 0x0000000089d00000| Complete |  0
| 134|0x0000000089e00000, 0x0000000089f00000, 0x0000000089f00000|100%|HS|  |TAMS 0x0000000089e00000| PB 0x0000000089e00000| Complete |  0
| 135|0x0000000089f00000, 0x000000008a000000, 0x000000008a000000|100%|HC|  |TAMS 0x0000000089f00000| PB 0x0000000089f00000| Complete |  0
| 136|0x000000008a000000, 0x000000008a100000, 0x000000008a100000|100%|HS|  |TAMS 0x000000008a000000| PB 0x000000008a000000| Complete |  0
| 137|0x000000008a100000, 0x000000008a200000, 0x000000008a200000|100%|HC|  |TAMS 0x000000008a100000| PB 0x000000008a100000| Complete |  0
| 138|0x000000008a200000, 0x000000008a300000, 0x000000008a300000|100%|HS|  |TAMS 0x000000008a200000| PB 0x000000008a200000| Complete |  0
| 139|0x000000008a300000, 0x000000008a400000, 0x000000008a400000|100%|HC|  |TAMS 0x000000008a300000| PB 0x000000008a300000| Complete |  0
| 140|0x000000008a400000, 0x000000008a500000, 0x000000008a500000|100%|HS|  |TAMS 0x000000008a400000| PB 0x000000008a400000| Complete |  0
| 141|0x000000008a500000, 0x000000008a600000, 0x000000008a600000|100%|HC|  |TAMS 0x000000008a500000| PB 0x000000008a500000| Complete |  0
| 142|0x000000008a600000, 0x000000008a700000, 0x000000008a700000|100%|HS|  |TAMS 0x000000008a600000| PB 0x000000008a600000| Complete |  0
| 143|0x000000008a700000, 0x000000008a800000, 0x000000008a800000|100%|HC|  |TAMS 0x000000008a700000| PB 0x000000008a700000| Complete |  0
| 144|0x000000008a800000, 0x000000008a900000, 0x000000008a900000|100%|HS|  |TAMS 0x000000008a800000| PB 0x000000008a800000| Complete |  0
| 145|0x000000008a900000, 0x000000008aa00000, 0x000000008aa00000|100%|HC|  |TAMS 0x000000008a900000| PB 0x000000008a900000| Complete |  0
| 146|0x000000008aa00000, 0x000000008ab00000, 0x000000008ab00000|100%|HS|  |TAMS 0x000000008aa00000| PB 0x000000008aa00000| Complete |  0
| 147|0x000000008ab00000, 0x000000008ac00000, 0x000000008ac00000|100%|HC|  |TAMS 0x000000008ab00000| PB 0x000000008ab00000| Complete |  0
| 148|0x000000008ac00000, 0x000000008ad00000, 0x000000008ad00000|100%|HS|  |TAMS 0x000000008ac00000| PB 0x000000008ac00000| Complete |  0
| 149|0x000000008ad00000, 0x000000008ae00000, 0x000000008ae00000|100%|HC|  |TAMS 0x000000008ad00000| PB 0x000000008ad00000| Complete |  0
| 150|0x000000008ae00000, 0x000000008af00000, 0x000000008af00000|100%|HS|  |TAMS 0x000000008ae00000| PB 0x000000008ae00000| Complete |  0
| 151|0x000000008af00000, 0x000000008b000000, 0x000000008b000000|100%|HC|  |TAMS 0x000000008af00000| PB 0x000000008af00000| Complete |  0
| 152|0x000000008b000000, 0x000000008b100000, 0x000000008b100000|100%|HS|  |TAMS 0x000000008b000000| PB 0x000000008b000000| Complete |  0
| 153|0x000000008b100000, 0x000000008b200000, 0x000000008b200000|100%|HC|  |TAMS 0x000000008b100000| PB 0x000000008b100000| Complete |  0
| 154|0x000000008b200000, 0x000000008b300000, 0x000000008b300000|100%|HS|  |TAMS 0x000000008b200000| PB 0x000000008b200000| Complete |  0
| 155|0x000000008b300000, 0x000000008b400000, 0x000000008b400000|100%|HC|  |TAMS 0x000000008b300000| PB 0x000000008b300000| Complete |  0
| 156|0x000000008b400000, 0x000000008b500000, 0x000000008b500000|100%|HS|  |TAMS 0x000000008b400000| PB 0x000000008b400000| Complete |  0
| 157|0x000000008b500000, 0x000000008b600000, 0x000000008b600000|100%|HC|  |TAMS 0x000000008b500000| PB 0x000000008b500000| Complete |  0
| 158|0x000000008b600000, 0x000000008b700000, 0x000000008b700000|100%|HS|  |TAMS 0x000000008b600000| PB 0x000000008b600000| Complete |  0
| 159|0x000000008b700000, 0x000000008b800000, 0x000000008b800000|100%|HC|  |TAMS 0x000000008b700000| PB 0x000000008b700000| Complete |  0
| 160|0x000000008b800000, 0x000000008b900000, 0x000000008b900000|100%|HS|  |TAMS 0x000000008b800000| PB 0x000000008b800000| Complete |  0
| 161|0x000000008b900000, 0x000000008ba00000, 0x000000008ba00000|100%|HC|  |TAMS 0x000000008b900000| PB 0x000000008b900000| Complete |  0
| 162|0x000000008ba00000, 0x000000008bb00000, 0x000000008bb00000|100%|HS|  |TAMS 0x000000008ba00000| PB 0x000000008ba00000| Complete |  0
| 163|0x000000008bb00000, 0x000000008bc00000, 0x000000008bc00000|100%|HC|  |TAMS 0x000000008bb00000| PB 0x000000008bb00000| Complete |  0
| 164|0x000000008bc00000, 0x000000008bd00000, 0x000000008bd00000|100%|HS|  |TAMS 0x000000008bc00000| PB 0x000000008bc00000| Complete |  0
| 165|0x000000008bd00000, 0x000000008be00000, 0x000000008be00000|100%|HC|  |TAMS 0x000000008bd00000| PB 0x000000008bd00000| Complete |  0
| 166|0x000000008be00000, 0x000000008bf00000, 0x000000008bf00000|100%|HS|  |TAMS 0x000000008be00000| PB 0x000000008be00000| Complete |  0
| 167|0x000000008bf00000, 0x000000008c000000, 0x000000008c000000|100%|HC|  |TAMS 0x000000008bf00000| PB 0x000000008bf00000| Complete |  0
| 168|0x000000008c000000, 0x000000008c100000, 0x000000008c100000|100%|HS|  |TAMS 0x000000008c000000| PB 0x000000008c000000| Complete |  0
| 169|0x000000008c100000, 0x000000008c200000, 0x000000008c200000|100%|HC|  |TAMS 0x000000008c100000| PB 0x000000008c100000| Complete |  0
| 170|0x000000008c200000, 0x000000008c300000, 0x000000008c300000|100%|HS|  |TAMS 0x000000008c200000| PB 0x000000008c200000| Complete |  0
| 171|0x000000008c300000, 0x000000008c400000, 0x000000008c400000|100%|HC|  |TAMS 0x000000008c300000| PB 0x000000008c300000| Complete |  0
| 172|0x000000008c400000, 0x000000008c500000, 0x000000008c500000|100%|HS|  |TAMS 0x000000008c400000| PB 0x000000008c400000| Complete |  0
| 173|0x000000008c500000, 0x000000008c600000, 0x000000008c600000|100%|HC|  |TAMS 0x000000008c500000| PB 0x000000008c500000| Complete |  0
| 174|0x000000008c600000, 0x000000008c700000, 0x000000008c700000|100%|HC|  |TAMS 0x000000008c600000| PB 0x000000008c600000| Complete |  0
| 175|0x000000008c700000, 0x000000008c800000, 0x000000008c800000|100%|HC|  |TAMS 0x000000008c700000| PB 0x000000008c700000| Complete |  0
| 176|0x000000008c800000, 0x000000008c800000, 0x000000008c900000|  0%| F|  |TAMS 0x000000008c800000| PB 0x000000008c800000| Untracked |  0
| 177|0x000000008c900000, 0x000000008ca00000, 0x000000008ca00000|100%|HS|  |TAMS 0x000000008c900000| PB 0x000000008c900000| Complete |  0
| 178|0x000000008ca00000, 0x000000008cb00000, 0x000000008cb00000|100%|HC|  |TAMS 0x000000008ca00000| PB 0x000000008ca00000| Complete |  0
| 179|0x000000008cb00000, 0x000000008cc00000, 0x000000008cc00000|100%|HS|  |TAMS 0x000000008cb00000| PB 0x000000008cb00000| Complete |  0
| 180|0x000000008cc00000, 0x000000008cd00000, 0x000000008cd00000|100%|HC|  |TAMS 0x000000008cc00000| PB 0x000000008cc00000| Complete |  0
| 181|0x000000008cd00000, 0x000000008ce00000, 0x000000008ce00000|100%|HC|  |TAMS 0x000000008cd00000| PB 0x000000008cd00000| Complete |  0
| 182|0x000000008ce00000, 0x000000008cf00000, 0x000000008cf00000|100%|HC|  |TAMS 0x000000008ce00000| PB 0x000000008ce00000| Complete |  0
| 183|0x000000008cf00000, 0x000000008d000000, 0x000000008d000000|100%|HC|  |TAMS 0x000000008cf00000| PB 0x000000008cf00000| Complete |  0
| 184|0x000000008d000000, 0x000000008d100000, 0x000000008d100000|100%|HC|  |TAMS 0x000000008d000000| PB 0x000000008d000000| Complete |  0
| 185|0x000000008d100000, 0x000000008d100000, 0x000000008d200000|  0%| F|  |TAMS 0x000000008d100000| PB 0x000000008d100000| Untracked |  0
| 186|0x000000008d200000, 0x000000008d300000, 0x000000008d300000|100%|HS|  |TAMS 0x000000008d200000| PB 0x000000008d200000| Complete |  0
| 187|0x000000008d300000, 0x000000008d400000, 0x000000008d400000|100%|HC|  |TAMS 0x000000008d300000| PB 0x000000008d300000| Complete |  0
| 188|0x000000008d400000, 0x000000008d500000, 0x000000008d500000|100%|HC|  |TAMS 0x000000008d400000| PB 0x000000008d400000| Complete |  0
| 189|0x000000008d500000, 0x000000008d600000, 0x000000008d600000|100%|HC|  |TAMS 0x000000008d500000| PB 0x000000008d500000| Complete |  0
| 190|0x000000008d600000, 0x000000008d700000, 0x000000008d700000|100%|HC|  |TAMS 0x000000008d600000| PB 0x000000008d600000| Complete |  0
| 191|0x000000008d700000, 0x000000008d800000, 0x000000008d800000|100%|HS|  |TAMS 0x000000008d700000| PB 0x000000008d700000| Complete |  0
| 192|0x000000008d800000, 0x000000008d900000, 0x000000008d900000|100%|HC|  |TAMS 0x000000008d800000| PB 0x000000008d800000| Complete |  0
| 193|0x000000008d900000, 0x000000008da00000, 0x000000008da00000|100%|HS|  |TAMS 0x000000008d900000| PB 0x000000008d900000| Complete |  0
| 194|0x000000008da00000, 0x000000008db00000, 0x000000008db00000|100%|HC|  |TAMS 0x000000008da00000| PB 0x000000008da00000| Complete |  0
| 195|0x000000008db00000, 0x000000008dc00000, 0x000000008dc00000|100%|HS|  |TAMS 0x000000008db00000| PB 0x000000008db00000| Complete |  0
| 196|0x000000008dc00000, 0x000000008dd00000, 0x000000008dd00000|100%|HC|  |TAMS 0x000000008dc00000| PB 0x000000008dc00000| Complete |  0
| 197|0x000000008dd00000, 0x000000008de00000, 0x000000008de00000|100%|HC|  |TAMS 0x000000008dd00000| PB 0x000000008dd00000| Complete |  0
| 198|0x000000008de00000, 0x000000008df00000, 0x000000008df00000|100%|HS|  |TAMS 0x000000008de00000| PB 0x000000008de00000| Complete |  0
| 199|0x000000008df00000, 0x000000008e000000, 0x000000008e000000|100%|HC|  |TAMS 0x000000008df00000| PB 0x000000008df00000| Complete |  0
| 200|0x000000008e000000, 0x000000008e100000, 0x000000008e100000|100%|HS|  |TAMS 0x000000008e000000| PB 0x000000008e000000| Complete |  0
| 201|0x000000008e100000, 0x000000008e200000, 0x000000008e200000|100%|HC|  |TAMS 0x000000008e100000| PB 0x000000008e100000| Complete |  0
| 202|0x000000008e200000, 0x000000008e300000, 0x000000008e300000|100%|HS|  |TAMS 0x000000008e200000| PB 0x000000008e200000| Complete |  0
| 203|0x000000008e300000, 0x000000008e400000, 0x000000008e400000|100%|HC|  |TAMS 0x000000008e300000| PB 0x000000008e300000| Complete |  0
| 204|0x000000008e400000, 0x000000008e500000, 0x000000008e500000|100%|HS|  |TAMS 0x000000008e400000| PB 0x000000008e400000| Complete |  0
| 205|0x000000008e500000, 0x000000008e600000, 0x000000008e600000|100%|HC|  |TAMS 0x000000008e500000| PB 0x000000008e500000| Complete |  0
| 206|0x000000008e600000, 0x000000008e700000, 0x000000008e700000|100%|HC|  |TAMS 0x000000008e600000| PB 0x000000008e600000| Complete |  0
| 207|0x000000008e700000, 0x000000008e800000, 0x000000008e800000|100%|HC|  |TAMS 0x000000008e700000| PB 0x000000008e700000| Complete |  0
| 208|0x000000008e800000, 0x000000008e900000, 0x000000008e900000|100%|HC|  |TAMS 0x000000008e800000| PB 0x000000008e800000| Complete |  0
| 209|0x000000008e900000, 0x000000008ea00000, 0x000000008ea00000|100%|HC|  |TAMS 0x000000008e900000| PB 0x000000008e900000| Complete |  0
| 210|0x000000008ea00000, 0x000000008eb00000, 0x000000008eb00000|100%|HC|  |TAMS 0x000000008ea00000| PB 0x000000008ea00000| Complete |  0
| 211|0x000000008eb00000, 0x000000008ec00000, 0x000000008ec00000|100%|HS|  |TAMS 0x000000008eb00000| PB 0x000000008eb00000| Complete |  0
| 212|0x000000008ec00000, 0x000000008ed00000, 0x000000008ed00000|100%|HC|  |TAMS 0x000000008ec00000| PB 0x000000008ec00000| Complete |  0
| 213|0x000000008ed00000, 0x000000008ee00000, 0x000000008ee00000|100%|HC|  |TAMS 0x000000008ed00000| PB 0x000000008ed00000| Complete |  0
| 214|0x000000008ee00000, 0x000000008ef00000, 0x000000008ef00000|100%|HC|  |TAMS 0x000000008ee00000| PB 0x000000008ee00000| Complete |  0
| 215|0x000000008ef00000, 0x000000008f000000, 0x000000008f000000|100%|HC|  |TAMS 0x000000008ef00000| PB 0x000000008ef00000| Complete |  0
| 216|0x000000008f000000, 0x000000008f100000, 0x000000008f100000|100%|HC|  |TAMS 0x000000008f000000| PB 0x000000008f000000| Complete |  0
| 217|0x000000008f100000, 0x000000008f200000, 0x000000008f200000|100%|HC|  |TAMS 0x000000008f100000| PB 0x000000008f100000| Complete |  0
| 218|0x000000008f200000, 0x000000008f300000, 0x000000008f300000|100%|HS|  |TAMS 0x000000008f200000| PB 0x000000008f200000| Complete |  0
| 219|0x000000008f300000, 0x000000008f400000, 0x000000008f400000|100%|HC|  |TAMS 0x000000008f300000| PB 0x000000008f300000| Complete |  0
| 220|0x000000008f400000, 0x000000008f500000, 0x000000008f500000|100%|HC|  |TAMS 0x000000008f400000| PB 0x000000008f400000| Complete |  0
| 221|0x000000008f500000, 0x000000008f600000, 0x000000008f600000|100%|HC|  |TAMS 0x000000008f500000| PB 0x000000008f500000| Complete |  0
| 222|0x000000008f600000, 0x000000008f700000, 0x000000008f700000|100%|HC|  |TAMS 0x000000008f600000| PB 0x000000008f600000| Complete |  0
| 223|0x000000008f700000, 0x000000008f800000, 0x000000008f800000|100%|HC|  |TAMS 0x000000008f700000| PB 0x000000008f700000| Complete |  0
| 224|0x000000008f800000, 0x000000008f900000, 0x000000008f900000|100%|HS|  |TAMS 0x000000008f800000| PB 0x000000008f800000| Complete |  0
| 225|0x000000008f900000, 0x000000008fa00000, 0x000000008fa00000|100%|HC|  |TAMS 0x000000008f900000| PB 0x000000008f900000| Complete |  0
| 226|0x000000008fa00000, 0x000000008fb00000, 0x000000008fb00000|100%|HS|  |TAMS 0x000000008fa00000| PB 0x000000008fa00000| Complete |  0
| 227|0x000000008fb00000, 0x000000008fc00000, 0x000000008fc00000|100%|HC|  |TAMS 0x000000008fb00000| PB 0x000000008fb00000| Complete |  0
| 228|0x000000008fc00000, 0x000000008fd00000, 0x000000008fd00000|100%|HC|  |TAMS 0x000000008fc00000| PB 0x000000008fc00000| Complete |  0
| 229|0x000000008fd00000, 0x000000008fe00000, 0x000000008fe00000|100%|HC|  |TAMS 0x000000008fd00000| PB 0x000000008fd00000| Complete |  0
| 230|0x000000008fe00000, 0x000000008ff00000, 0x000000008ff00000|100%|HC|  |TAMS 0x000000008fe00000| PB 0x000000008fe00000| Complete |  0
| 231|0x000000008ff00000, 0x0000000090000000, 0x0000000090000000|100%|HC|  |TAMS 0x000000008ff00000| PB 0x000000008ff00000| Complete |  0
| 232|0x0000000090000000, 0x0000000090100000, 0x0000000090100000|100%|HS|  |TAMS 0x0000000090000000| PB 0x0000000090000000| Complete |  0
| 233|0x0000000090100000, 0x0000000090200000, 0x0000000090200000|100%|HC|  |TAMS 0x0000000090100000| PB 0x0000000090100000| Complete |  0
| 234|0x0000000090200000, 0x0000000090300000, 0x0000000090300000|100%|HS|  |TAMS 0x0000000090200000| PB 0x0000000090200000| Complete |  0
| 235|0x0000000090300000, 0x0000000090400000, 0x0000000090400000|100%|HC|  |TAMS 0x0000000090300000| PB 0x0000000090300000| Complete |  0
| 236|0x0000000090400000, 0x0000000090500000, 0x0000000090500000|100%|HS|  |TAMS 0x0000000090400000| PB 0x0000000090400000| Complete |  0
| 237|0x0000000090500000, 0x0000000090600000, 0x0000000090600000|100%|HC|  |TAMS 0x0000000090500000| PB 0x0000000090500000| Complete |  0
| 238|0x0000000090600000, 0x0000000090700000, 0x0000000090700000|100%|HS|  |TAMS 0x0000000090600000| PB 0x0000000090600000| Complete |  0
| 239|0x0000000090700000, 0x0000000090800000, 0x0000000090800000|100%|HC|  |TAMS 0x0000000090700000| PB 0x0000000090700000| Complete |  0
| 240|0x0000000090800000, 0x0000000090800000, 0x0000000090900000|  0%| F|  |TAMS 0x0000000090800000| PB 0x0000000090800000| Untracked |  0
| 241|0x0000000090900000, 0x0000000090900000, 0x0000000090a00000|  0%| F|  |TAMS 0x0000000090900000| PB 0x0000000090900000| Untracked |  0
| 242|0x0000000090a00000, 0x0000000090a00000, 0x0000000090b00000|  0%| F|  |TAMS 0x0000000090a00000| PB 0x0000000090a00000| Untracked |  0
| 243|0x0000000090b00000, 0x0000000090b00000, 0x0000000090c00000|  0%| F|  |TAMS 0x0000000090b00000| PB 0x0000000090b00000| Untracked |  0
| 244|0x0000000090c00000, 0x0000000090c00000, 0x0000000090d00000|  0%| F|  |TAMS 0x0000000090c00000| PB 0x0000000090c00000| Untracked |  0
| 245|0x0000000090d00000, 0x0000000090d00000, 0x0000000090e00000|  0%| F|  |TAMS 0x0000000090d00000| PB 0x0000000090d00000| Untracked |  0
| 246|0x0000000090e00000, 0x0000000090e00000, 0x0000000090f00000|  0%| F|  |TAMS 0x0000000090e00000| PB 0x0000000090e00000| Untracked |  0
| 247|0x0000000090f00000, 0x0000000090f00000, 0x0000000091000000|  0%| F|  |TAMS 0x0000000090f00000| PB 0x0000000090f00000| Untracked |  0
| 248|0x0000000091000000, 0x0000000091000000, 0x0000000091100000|  0%| F|  |TAMS 0x0000000091000000| PB 0x0000000091000000| Untracked |  0
| 249|0x0000000091100000, 0x0000000091100000, 0x0000000091200000|  0%| F|  |TAMS 0x0000000091100000| PB 0x0000000091100000| Untracked |  0
| 250|0x0000000091200000, 0x0000000091200000, 0x0000000091300000|  0%| F|  |TAMS 0x0000000091200000| PB 0x0000000091200000| Untracked |  0
| 251|0x0000000091300000, 0x0000000091300000, 0x0000000091400000|  0%| F|  |TAMS 0x0000000091300000| PB 0x0000000091300000| Untracked |  0
| 252|0x0000000091400000, 0x0000000091400000, 0x0000000091500000|  0%| F|  |TAMS 0x0000000091400000| PB 0x0000000091400000| Untracked |  0
| 253|0x0000000091500000, 0x0000000091500000, 0x0000000091600000|  0%| F|  |TAMS 0x0000000091500000| PB 0x0000000091500000| Untracked |  0
| 254|0x0000000091600000, 0x0000000091600000, 0x0000000091700000|  0%| F|  |TAMS 0x0000000091600000| PB 0x0000000091600000| Untracked |  0
| 255|0x0000000091700000, 0x0000000091700000, 0x0000000091800000|  0%| F|  |TAMS 0x0000000091700000| PB 0x0000000091700000| Untracked |  0
| 256|0x0000000091800000, 0x0000000091800000, 0x0000000091900000|  0%| F|  |TAMS 0x0000000091800000| PB 0x0000000091800000| Untracked |  0
| 257|0x0000000091900000, 0x0000000091900000, 0x0000000091a00000|  0%| F|  |TAMS 0x0000000091900000| PB 0x0000000091900000| Untracked |  0
| 258|0x0000000091a00000, 0x0000000091a00000, 0x0000000091b00000|  0%| F|  |TAMS 0x0000000091a00000| PB 0x0000000091a00000| Untracked |  0
| 259|0x0000000091b00000, 0x0000000091c00000, 0x0000000091c00000|100%|HS|  |TAMS 0x0000000091b00000| PB 0x0000000091b00000| Complete |  0
| 260|0x0000000091c00000, 0x0000000091d00000, 0x0000000091d00000|100%|HC|  |TAMS 0x0000000091c00000| PB 0x0000000091c00000| Complete |  0
| 261|0x0000000091d00000, 0x0000000091d00000, 0x0000000091e00000|  0%| F|  |TAMS 0x0000000091d00000| PB 0x0000000091d00000| Untracked |  0
| 262|0x0000000091e00000, 0x0000000091e00000, 0x0000000091f00000|  0%| F|  |TAMS 0x0000000091e00000| PB 0x0000000091e00000| Untracked |  0
| 263|0x0000000091f00000, 0x0000000092000000, 0x0000000092000000|100%|HS|  |TAMS 0x0000000091f00000| PB 0x0000000091f00000| Complete |  0
| 264|0x0000000092000000, 0x0000000092100000, 0x0000000092100000|100%|HC|  |TAMS 0x0000000092000000| PB 0x0000000092000000| Complete |  0
| 265|0x0000000092100000, 0x0000000092100000, 0x0000000092200000|  0%| F|  |TAMS 0x0000000092100000| PB 0x0000000092100000| Untracked |  0
| 266|0x0000000092200000, 0x0000000092200000, 0x0000000092300000|  0%| F|  |TAMS 0x0000000092200000| PB 0x0000000092200000| Untracked |  0
| 267|0x0000000092300000, 0x0000000092300000, 0x0000000092400000|  0%| F|  |TAMS 0x0000000092300000| PB 0x0000000092300000| Untracked |  0
| 268|0x0000000092400000, 0x0000000092400000, 0x0000000092500000|  0%| F|  |TAMS 0x0000000092400000| PB 0x0000000092400000| Untracked |  0
| 269|0x0000000092500000, 0x0000000092500000, 0x0000000092600000|  0%| F|  |TAMS 0x0000000092500000| PB 0x0000000092500000| Untracked |  0
| 270|0x0000000092600000, 0x0000000092600000, 0x0000000092700000|  0%| F|  |TAMS 0x0000000092600000| PB 0x0000000092600000| Untracked |  0
| 271|0x0000000092700000, 0x0000000092700000, 0x0000000092800000|  0%| F|  |TAMS 0x0000000092700000| PB 0x0000000092700000| Untracked |  0
| 272|0x0000000092800000, 0x0000000092800000, 0x0000000092900000|  0%| F|  |TAMS 0x0000000092800000| PB 0x0000000092800000| Untracked |  0
| 273|0x0000000092900000, 0x0000000092900000, 0x0000000092a00000|  0%| F|  |TAMS 0x0000000092900000| PB 0x0000000092900000| Untracked |  0
| 274|0x0000000092a00000, 0x0000000092a00000, 0x0000000092b00000|  0%| F|  |TAMS 0x0000000092a00000| PB 0x0000000092a00000| Untracked |  0
| 275|0x0000000092b00000, 0x0000000092b00000, 0x0000000092c00000|  0%| F|  |TAMS 0x0000000092b00000| PB 0x0000000092b00000| Untracked |  0
| 276|0x0000000092c00000, 0x0000000092c00000, 0x0000000092d00000|  0%| F|  |TAMS 0x0000000092c00000| PB 0x0000000092c00000| Untracked |  0
| 277|0x0000000092d00000, 0x0000000092d00000, 0x0000000092e00000|  0%| F|  |TAMS 0x0000000092d00000| PB 0x0000000092d00000| Untracked |  0
| 278|0x0000000092e00000, 0x0000000092e00000, 0x0000000092f00000|  0%| F|  |TAMS 0x0000000092e00000| PB 0x0000000092e00000| Untracked |  0
| 279|0x0000000092f00000, 0x0000000092f00000, 0x0000000093000000|  0%| F|  |TAMS 0x0000000092f00000| PB 0x0000000092f00000| Untracked |  0
| 280|0x0000000093000000, 0x0000000093000000, 0x0000000093100000|  0%| F|  |TAMS 0x0000000093000000| PB 0x0000000093000000| Untracked |  0
| 281|0x0000000093100000, 0x0000000093100000, 0x0000000093200000|  0%| F|  |TAMS 0x0000000093100000| PB 0x0000000093100000| Untracked |  0
| 282|0x0000000093200000, 0x0000000093200000, 0x0000000093300000|  0%| F|  |TAMS 0x0000000093200000| PB 0x0000000093200000| Untracked |  0
| 283|0x0000000093300000, 0x0000000093400000, 0x0000000093400000|100%|HS|  |TAMS 0x0000000093300000| PB 0x0000000093300000| Complete |  0
| 284|0x0000000093400000, 0x0000000093500000, 0x0000000093500000|100%|HC|  |TAMS 0x0000000093400000| PB 0x0000000093400000| Complete |  0
| 285|0x0000000093500000, 0x0000000093500000, 0x0000000093600000|  0%| F|  |TAMS 0x0000000093500000| PB 0x0000000093500000| Untracked |  0
| 286|0x0000000093600000, 0x0000000093600000, 0x0000000093700000|  0%| F|  |TAMS 0x0000000093600000| PB 0x0000000093600000| Untracked |  0
| 287|0x0000000093700000, 0x0000000093800000, 0x0000000093800000|100%|HS|  |TAMS 0x0000000093700000| PB 0x0000000093700000| Complete |  0
| 288|0x0000000093800000, 0x0000000093900000, 0x0000000093900000|100%|HC|  |TAMS 0x0000000093800000| PB 0x0000000093800000| Complete |  0
| 289|0x0000000093900000, 0x0000000093a00000, 0x0000000093a00000|100%|HS|  |TAMS 0x0000000093900000| PB 0x0000000093900000| Complete |  0
| 290|0x0000000093a00000, 0x0000000093b00000, 0x0000000093b00000|100%|HC|  |TAMS 0x0000000093a00000| PB 0x0000000093a00000| Complete |  0
| 291|0x0000000093b00000, 0x0000000093c00000, 0x0000000093c00000|100%|HC|  |TAMS 0x0000000093b00000| PB 0x0000000093b00000| Complete |  0
| 292|0x0000000093c00000, 0x0000000093d00000, 0x0000000093d00000|100%|HC|  |TAMS 0x0000000093c00000| PB 0x0000000093c00000| Complete |  0
| 293|0x0000000093d00000, 0x0000000093e00000, 0x0000000093e00000|100%|HC|  |TAMS 0x0000000093d00000| PB 0x0000000093d00000| Complete |  0
| 294|0x0000000093e00000, 0x0000000093f00000, 0x0000000093f00000|100%|HC|  |TAMS 0x0000000093e00000| PB 0x0000000093e00000| Complete |  0
| 295|0x0000000093f00000, 0x0000000094000000, 0x0000000094000000|100%|HC|  |TAMS 0x0000000093f00000| PB 0x0000000093f00000| Complete |  0
| 296|0x0000000094000000, 0x0000000094100000, 0x0000000094100000|100%|HC|  |TAMS 0x0000000094000000| PB 0x0000000094000000| Complete |  0
| 297|0x0000000094100000, 0x0000000094200000, 0x0000000094200000|100%|HC|  |TAMS 0x0000000094100000| PB 0x0000000094100000| Complete |  0
| 298|0x0000000094200000, 0x0000000094300000, 0x0000000094300000|100%|HC|  |TAMS 0x0000000094200000| PB 0x0000000094200000| Complete |  0
| 299|0x0000000094300000, 0x0000000094400000, 0x0000000094400000|100%|HC|  |TAMS 0x0000000094300000| PB 0x0000000094300000| Complete |  0
| 300|0x0000000094400000, 0x0000000094500000, 0x0000000094500000|100%|HC|  |TAMS 0x0000000094400000| PB 0x0000000094400000| Complete |  0
| 301|0x0000000094500000, 0x0000000094600000, 0x0000000094600000|100%|HC|  |TAMS 0x0000000094500000| PB 0x0000000094500000| Complete |  0
| 302|0x0000000094600000, 0x0000000094700000, 0x0000000094700000|100%|HC|  |TAMS 0x0000000094600000| PB 0x0000000094600000| Complete |  0
| 303|0x0000000094700000, 0x0000000094800000, 0x0000000094800000|100%|HC|  |TAMS 0x0000000094700000| PB 0x0000000094700000| Complete |  0
| 304|0x0000000094800000, 0x0000000094900000, 0x0000000094900000|100%|HC|  |TAMS 0x0000000094800000| PB 0x0000000094800000| Complete |  0
| 305|0x0000000094900000, 0x0000000094a00000, 0x0000000094a00000|100%|HC|  |TAMS 0x0000000094900000| PB 0x0000000094900000| Complete |  0
| 306|0x0000000094a00000, 0x0000000094b00000, 0x0000000094b00000|100%|HC|  |TAMS 0x0000000094a00000| PB 0x0000000094a00000| Complete |  0
| 307|0x0000000094b00000, 0x0000000094c00000, 0x0000000094c00000|100%|HC|  |TAMS 0x0000000094b00000| PB 0x0000000094b00000| Complete |  0
| 308|0x0000000094c00000, 0x0000000094d00000, 0x0000000094d00000|100%|HC|  |TAMS 0x0000000094c00000| PB 0x0000000094c00000| Complete |  0
| 309|0x0000000094d00000, 0x0000000094e00000, 0x0000000094e00000|100%|HC|  |TAMS 0x0000000094d00000| PB 0x0000000094d00000| Complete |  0
| 310|0x0000000094e00000, 0x0000000094f00000, 0x0000000094f00000|100%|HC|  |TAMS 0x0000000094e00000| PB 0x0000000094e00000| Complete |  0
| 311|0x0000000094f00000, 0x0000000095000000, 0x0000000095000000|100%|HC|  |TAMS 0x0000000094f00000| PB 0x0000000094f00000| Complete |  0
| 312|0x0000000095000000, 0x0000000095100000, 0x0000000095100000|100%|HC|  |TAMS 0x0000000095000000| PB 0x0000000095000000| Complete |  0
| 313|0x0000000095100000, 0x0000000095200000, 0x0000000095200000|100%|HC|  |TAMS 0x0000000095100000| PB 0x0000000095100000| Complete |  0
| 314|0x0000000095200000, 0x0000000095300000, 0x0000000095300000|100%|HC|  |TAMS 0x0000000095200000| PB 0x0000000095200000| Complete |  0
| 315|0x0000000095300000, 0x0000000095400000, 0x0000000095400000|100%|HC|  |TAMS 0x0000000095300000| PB 0x0000000095300000| Complete |  0
| 316|0x0000000095400000, 0x0000000095500000, 0x0000000095500000|100%|HC|  |TAMS 0x0000000095400000| PB 0x0000000095400000| Complete |  0
| 317|0x0000000095500000, 0x0000000095600000, 0x0000000095600000|100%|HC|  |TAMS 0x0000000095500000| PB 0x0000000095500000| Complete |  0
| 318|0x0000000095600000, 0x0000000095700000, 0x0000000095700000|100%|HC|  |TAMS 0x0000000095600000| PB 0x0000000095600000| Complete |  0
| 319|0x0000000095700000, 0x0000000095800000, 0x0000000095800000|100%|HC|  |TAMS 0x0000000095700000| PB 0x0000000095700000| Complete |  0
| 320|0x0000000095800000, 0x0000000095900000, 0x0000000095900000|100%|HC|  |TAMS 0x0000000095800000| PB 0x0000000095800000| Complete |  0
| 321|0x0000000095900000, 0x0000000095a00000, 0x0000000095a00000|100%|HC|  |TAMS 0x0000000095900000| PB 0x0000000095900000| Complete |  0
| 322|0x0000000095a00000, 0x0000000095b00000, 0x0000000095b00000|100%|HC|  |TAMS 0x0000000095a00000| PB 0x0000000095a00000| Complete |  0
| 323|0x0000000095b00000, 0x0000000095c00000, 0x0000000095c00000|100%|HC|  |TAMS 0x0000000095b00000| PB 0x0000000095b00000| Complete |  0
| 324|0x0000000095c00000, 0x0000000095d00000, 0x0000000095d00000|100%|HC|  |TAMS 0x0000000095c00000| PB 0x0000000095c00000| Complete |  0
| 325|0x0000000095d00000, 0x0000000095e00000, 0x0000000095e00000|100%|HC|  |TAMS 0x0000000095d00000| PB 0x0000000095d00000| Complete |  0
| 326|0x0000000095e00000, 0x0000000095f00000, 0x0000000095f00000|100%|HC|  |TAMS 0x0000000095e00000| PB 0x0000000095e00000| Complete |  0
| 327|0x0000000095f00000, 0x0000000096000000, 0x0000000096000000|100%|HC|  |TAMS 0x0000000095f00000| PB 0x0000000095f00000| Complete |  0
| 328|0x0000000096000000, 0x0000000096100000, 0x0000000096100000|100%|HC|  |TAMS 0x0000000096000000| PB 0x0000000096000000| Complete |  0
| 329|0x0000000096100000, 0x0000000096200000, 0x0000000096200000|100%|HC|  |TAMS 0x0000000096100000| PB 0x0000000096100000| Complete |  0
| 330|0x0000000096200000, 0x0000000096300000, 0x0000000096300000|100%|HC|  |TAMS 0x0000000096200000| PB 0x0000000096200000| Complete |  0
| 331|0x0000000096300000, 0x0000000096400000, 0x0000000096400000|100%|HC|  |TAMS 0x0000000096300000| PB 0x0000000096300000| Complete |  0
| 332|0x0000000096400000, 0x0000000096500000, 0x0000000096500000|100%|HC|  |TAMS 0x0000000096400000| PB 0x0000000096400000| Complete |  0
| 333|0x0000000096500000, 0x0000000096600000, 0x0000000096600000|100%|HC|  |TAMS 0x0000000096500000| PB 0x0000000096500000| Complete |  0
| 334|0x0000000096600000, 0x0000000096700000, 0x0000000096700000|100%|HC|  |TAMS 0x0000000096600000| PB 0x0000000096600000| Complete |  0
| 335|0x0000000096700000, 0x0000000096800000, 0x0000000096800000|100%|HC|  |TAMS 0x0000000096700000| PB 0x0000000096700000| Complete |  0
| 336|0x0000000096800000, 0x0000000096800000, 0x0000000096900000|  0%| F|  |TAMS 0x0000000096800000| PB 0x0000000096800000| Untracked |  0
| 337|0x0000000096900000, 0x0000000096900000, 0x0000000096a00000|  0%| F|  |TAMS 0x0000000096900000| PB 0x0000000096900000| Untracked |  0
| 338|0x0000000096a00000, 0x0000000096a00000, 0x0000000096b00000|  0%| F|  |TAMS 0x0000000096a00000| PB 0x0000000096a00000| Untracked |  0
| 339|0x0000000096b00000, 0x0000000096b00000, 0x0000000096c00000|  0%| F|  |TAMS 0x0000000096b00000| PB 0x0000000096b00000| Untracked |  0
| 340|0x0000000096c00000, 0x0000000096c00000, 0x0000000096d00000|  0%| F|  |TAMS 0x0000000096c00000| PB 0x0000000096c00000| Untracked |  0
| 341|0x0000000096d00000, 0x0000000096d00000, 0x0000000096e00000|  0%| F|  |TAMS 0x0000000096d00000| PB 0x0000000096d00000| Untracked |  0
| 342|0x0000000096e00000, 0x0000000096e00000, 0x0000000096f00000|  0%| F|  |TAMS 0x0000000096e00000| PB 0x0000000096e00000| Untracked |  0
| 343|0x0000000096f00000, 0x0000000096f00000, 0x0000000097000000|  0%| F|  |TAMS 0x0000000096f00000| PB 0x0000000096f00000| Untracked |  0
| 344|0x0000000097000000, 0x0000000097000000, 0x0000000097100000|  0%| F|  |TAMS 0x0000000097000000| PB 0x0000000097000000| Untracked |  0
| 345|0x0000000097100000, 0x0000000097100000, 0x0000000097200000|  0%| F|  |TAMS 0x0000000097100000| PB 0x0000000097100000| Untracked |  0
| 346|0x0000000097200000, 0x0000000097200000, 0x0000000097300000|  0%| F|  |TAMS 0x0000000097200000| PB 0x0000000097200000| Untracked |  0
| 347|0x0000000097300000, 0x0000000097300000, 0x0000000097400000|  0%| F|  |TAMS 0x0000000097300000| PB 0x0000000097300000| Untracked |  0
| 348|0x0000000097400000, 0x0000000097400000, 0x0000000097500000|  0%| F|  |TAMS 0x0000000097400000| PB 0x0000000097400000| Untracked |  0
| 349|0x0000000097500000, 0x0000000097500000, 0x0000000097600000|  0%| F|  |TAMS 0x0000000097500000| PB 0x0000000097500000| Untracked |  0
| 350|0x0000000097600000, 0x0000000097600000, 0x0000000097700000|  0%| F|  |TAMS 0x0000000097600000| PB 0x0000000097600000| Untracked |  0
| 351|0x0000000097700000, 0x0000000097700000, 0x0000000097800000|  0%| F|  |TAMS 0x0000000097700000| PB 0x0000000097700000| Untracked |  0
| 352|0x0000000097800000, 0x0000000097800000, 0x0000000097900000|  0%| F|  |TAMS 0x0000000097800000| PB 0x0000000097800000| Untracked |  0
| 353|0x0000000097900000, 0x0000000097900000, 0x0000000097a00000|  0%| F|  |TAMS 0x0000000097900000| PB 0x0000000097900000| Untracked |  0
| 354|0x0000000097a00000, 0x0000000097a00000, 0x0000000097b00000|  0%| F|  |TAMS 0x0000000097a00000| PB 0x0000000097a00000| Untracked |  0
| 355|0x0000000097b00000, 0x0000000097b00000, 0x0000000097c00000|  0%| F|  |TAMS 0x0000000097b00000| PB 0x0000000097b00000| Untracked |  0
| 356|0x0000000097c00000, 0x0000000097c00000, 0x0000000097d00000|  0%| F|  |TAMS 0x0000000097c00000| PB 0x0000000097c00000| Untracked |  0
| 357|0x0000000097d00000, 0x0000000097d00000, 0x0000000097e00000|  0%| F|  |TAMS 0x0000000097d00000| PB 0x0000000097d00000| Untracked |  0
| 358|0x0000000097e00000, 0x0000000097e00000, 0x0000000097f00000|  0%| F|  |TAMS 0x0000000097e00000| PB 0x0000000097e00000| Untracked |  0
| 359|0x0000000097f00000, 0x0000000097f00000, 0x0000000098000000|  0%| F|  |TAMS 0x0000000097f00000| PB 0x0000000097f00000| Untracked |  0
| 360|0x0000000098000000, 0x0000000098000000, 0x0000000098100000|  0%| F|  |TAMS 0x0000000098000000| PB 0x0000000098000000| Untracked |  0
| 361|0x0000000098100000, 0x0000000098100000, 0x0000000098200000|  0%| F|  |TAMS 0x0000000098100000| PB 0x0000000098100000| Untracked |  0
| 362|0x0000000098200000, 0x0000000098200000, 0x0000000098300000|  0%| F|  |TAMS 0x0000000098200000| PB 0x0000000098200000| Untracked |  0
| 363|0x0000000098300000, 0x0000000098400000, 0x0000000098400000|100%|HS|  |TAMS 0x0000000098300000| PB 0x0000000098300000| Complete |  0
| 364|0x0000000098400000, 0x0000000098500000, 0x0000000098500000|100%|HC|  |TAMS 0x0000000098400000| PB 0x0000000098400000| Complete |  0
| 365|0x0000000098500000, 0x0000000098600000, 0x0000000098600000|100%|HC|  |TAMS 0x0000000098500000| PB 0x0000000098500000| Complete |  0
| 366|0x0000000098600000, 0x0000000098600000, 0x0000000098700000|  0%| F|  |TAMS 0x0000000098600000| PB 0x0000000098600000| Untracked |  0
| 367|0x0000000098700000, 0x0000000098700000, 0x0000000098800000|  0%| F|  |TAMS 0x0000000098700000| PB 0x0000000098700000| Untracked |  0
| 368|0x0000000098800000, 0x0000000098800000, 0x0000000098900000|  0%| F|  |TAMS 0x0000000098800000| PB 0x0000000098800000| Untracked |  0
| 369|0x0000000098900000, 0x0000000098900000, 0x0000000098a00000|  0%| F|  |TAMS 0x0000000098900000| PB 0x0000000098900000| Untracked |  0
| 370|0x0000000098a00000, 0x0000000098b00000, 0x0000000098b00000|100%|HS|  |TAMS 0x0000000098a00000| PB 0x0000000098a00000| Complete |  0
| 371|0x0000000098b00000, 0x0000000098c00000, 0x0000000098c00000|100%|HC|  |TAMS 0x0000000098b00000| PB 0x0000000098b00000| Complete |  0
| 372|0x0000000098c00000, 0x0000000098d00000, 0x0000000098d00000|100%|HS|  |TAMS 0x0000000098c00000| PB 0x0000000098c00000| Complete |  0
| 373|0x0000000098d00000, 0x0000000098e00000, 0x0000000098e00000|100%|HC|  |TAMS 0x0000000098d00000| PB 0x0000000098d00000| Complete |  0
| 374|0x0000000098e00000, 0x0000000098e00000, 0x0000000098f00000|  0%| F|  |TAMS 0x0000000098e00000| PB 0x0000000098e00000| Untracked |  0
| 375|0x0000000098f00000, 0x0000000098f00000, 0x0000000099000000|  0%| F|  |TAMS 0x0000000098f00000| PB 0x0000000098f00000| Untracked |  0
| 376|0x0000000099000000, 0x0000000099000000, 0x0000000099100000|  0%| F|  |TAMS 0x0000000099000000| PB 0x0000000099000000| Untracked |  0
| 377|0x0000000099100000, 0x0000000099100000, 0x0000000099200000|  0%| F|  |TAMS 0x0000000099100000| PB 0x0000000099100000| Untracked |  0
| 378|0x0000000099200000, 0x0000000099200000, 0x0000000099300000|  0%| F|  |TAMS 0x0000000099200000| PB 0x0000000099200000| Untracked |  0
| 379|0x0000000099300000, 0x0000000099300000, 0x0000000099400000|  0%| F|  |TAMS 0x0000000099300000| PB 0x0000000099300000| Untracked |  0
| 380|0x0000000099400000, 0x0000000099400000, 0x0000000099500000|  0%| F|  |TAMS 0x0000000099400000| PB 0x0000000099400000| Untracked |  0
| 381|0x0000000099500000, 0x0000000099500000, 0x0000000099600000|  0%| F|  |TAMS 0x0000000099500000| PB 0x0000000099500000| Untracked |  0
| 382|0x0000000099600000, 0x0000000099600000, 0x0000000099700000|  0%| F|  |TAMS 0x0000000099600000| PB 0x0000000099600000| Untracked |  0
| 383|0x0000000099700000, 0x0000000099700000, 0x0000000099800000|  0%| F|  |TAMS 0x0000000099700000| PB 0x0000000099700000| Untracked |  0
| 384|0x0000000099800000, 0x0000000099800000, 0x0000000099900000|  0%| F|  |TAMS 0x0000000099800000| PB 0x0000000099800000| Untracked |  0
| 385|0x0000000099900000, 0x0000000099900000, 0x0000000099a00000|  0%| F|  |TAMS 0x0000000099900000| PB 0x0000000099900000| Untracked |  0
| 386|0x0000000099a00000, 0x0000000099a00000, 0x0000000099b00000|  0%| F|  |TAMS 0x0000000099a00000| PB 0x0000000099a00000| Untracked |  0
| 387|0x0000000099b00000, 0x0000000099b00000, 0x0000000099c00000|  0%| F|  |TAMS 0x0000000099b00000| PB 0x0000000099b00000| Untracked |  0
| 388|0x0000000099c00000, 0x0000000099c00000, 0x0000000099d00000|  0%| F|  |TAMS 0x0000000099c00000| PB 0x0000000099c00000| Untracked |  0
| 389|0x0000000099d00000, 0x0000000099d00000, 0x0000000099e00000|  0%| F|  |TAMS 0x0000000099d00000| PB 0x0000000099d00000| Untracked |  0
| 390|0x0000000099e00000, 0x0000000099f00000, 0x0000000099f00000|100%|HS|  |TAMS 0x0000000099e00000| PB 0x0000000099e00000| Complete |  0
| 391|0x0000000099f00000, 0x000000009a000000, 0x000000009a000000|100%|HC|  |TAMS 0x0000000099f00000| PB 0x0000000099f00000| Complete |  0
| 392|0x000000009a000000, 0x000000009a100000, 0x000000009a100000|100%|HS|  |TAMS 0x000000009a000000| PB 0x000000009a000000| Complete |  0
| 393|0x000000009a100000, 0x000000009a200000, 0x000000009a200000|100%|HC|  |TAMS 0x000000009a100000| PB 0x000000009a100000| Complete |  0
| 394|0x000000009a200000, 0x000000009a300000, 0x000000009a300000|100%|HC|  |TAMS 0x000000009a200000| PB 0x000000009a200000| Complete |  0
| 395|0x000000009a300000, 0x000000009a400000, 0x000000009a400000|100%|HC|  |TAMS 0x000000009a300000| PB 0x000000009a300000| Complete |  0
| 396|0x000000009a400000, 0x000000009a500000, 0x000000009a500000|100%|HC|  |TAMS 0x000000009a400000| PB 0x000000009a400000| Complete |  0
| 397|0x000000009a500000, 0x000000009a600000, 0x000000009a600000|100%|HC|  |TAMS 0x000000009a500000| PB 0x000000009a500000| Complete |  0
| 398|0x000000009a600000, 0x000000009a700000, 0x000000009a700000|100%|HC|  |TAMS 0x000000009a600000| PB 0x000000009a600000| Complete |  0
| 399|0x000000009a700000, 0x000000009a700000, 0x000000009a800000|  0%| F|  |TAMS 0x000000009a700000| PB 0x000000009a700000| Untracked |  0
| 400|0x000000009a800000, 0x000000009a800000, 0x000000009a900000|  0%| F|  |TAMS 0x000000009a800000| PB 0x000000009a800000| Untracked |  0
| 401|0x000000009a900000, 0x000000009a900000, 0x000000009aa00000|  0%| F|  |TAMS 0x000000009a900000| PB 0x000000009a900000| Untracked |  0
| 402|0x000000009aa00000, 0x000000009aa00000, 0x000000009ab00000|  0%| F|  |TAMS 0x000000009aa00000| PB 0x000000009aa00000| Untracked |  0
| 403|0x000000009ab00000, 0x000000009ab00000, 0x000000009ac00000|  0%| F|  |TAMS 0x000000009ab00000| PB 0x000000009ab00000| Untracked |  0
| 404|0x000000009ac00000, 0x000000009ac00000, 0x000000009ad00000|  0%| F|  |TAMS 0x000000009ac00000| PB 0x000000009ac00000| Untracked |  0
| 405|0x000000009ad00000, 0x000000009ad00000, 0x000000009ae00000|  0%| F|  |TAMS 0x000000009ad00000| PB 0x000000009ad00000| Untracked |  0
| 406|0x000000009ae00000, 0x000000009ae00000, 0x000000009af00000|  0%| F|  |TAMS 0x000000009ae00000| PB 0x000000009ae00000| Untracked |  0
| 407|0x000000009af00000, 0x000000009af00000, 0x000000009b000000|  0%| F|  |TAMS 0x000000009af00000| PB 0x000000009af00000| Untracked |  0
| 408|0x000000009b000000, 0x000000009b000000, 0x000000009b100000|  0%| F|  |TAMS 0x000000009b000000| PB 0x000000009b000000| Untracked |  0
| 409|0x000000009b100000, 0x000000009b100000, 0x000000009b200000|  0%| F|  |TAMS 0x000000009b100000| PB 0x000000009b100000| Untracked |  0
| 410|0x000000009b200000, 0x000000009b200000, 0x000000009b300000|  0%| F|  |TAMS 0x000000009b200000| PB 0x000000009b200000| Untracked |  0
| 411|0x000000009b300000, 0x000000009b300000, 0x000000009b400000|  0%| F|  |TAMS 0x000000009b300000| PB 0x000000009b300000| Untracked |  0
| 412|0x000000009b400000, 0x000000009b400000, 0x000000009b500000|  0%| F|  |TAMS 0x000000009b400000| PB 0x000000009b400000| Untracked |  0
| 413|0x000000009b500000, 0x000000009b500000, 0x000000009b600000|  0%| F|  |TAMS 0x000000009b500000| PB 0x000000009b500000| Untracked |  0
| 414|0x000000009b600000, 0x000000009b600000, 0x000000009b700000|  0%| F|  |TAMS 0x000000009b600000| PB 0x000000009b600000| Untracked |  0
| 415|0x000000009b700000, 0x000000009b700000, 0x000000009b800000|  0%| F|  |TAMS 0x000000009b700000| PB 0x000000009b700000| Untracked |  0
| 416|0x000000009b800000, 0x000000009b800000, 0x000000009b900000|  0%| F|  |TAMS 0x000000009b800000| PB 0x000000009b800000| Untracked |  0
| 417|0x000000009b900000, 0x000000009b900000, 0x000000009ba00000|  0%| F|  |TAMS 0x000000009b900000| PB 0x000000009b900000| Untracked |  0
| 418|0x000000009ba00000, 0x000000009ba00000, 0x000000009bb00000|  0%| F|  |TAMS 0x000000009ba00000| PB 0x000000009ba00000| Untracked |  0
| 419|0x000000009bb00000, 0x000000009bb00000, 0x000000009bc00000|  0%| F|  |TAMS 0x000000009bb00000| PB 0x000000009bb00000| Untracked |  0
| 420|0x000000009bc00000, 0x000000009bc00000, 0x000000009bd00000|  0%| F|  |TAMS 0x000000009bc00000| PB 0x000000009bc00000| Untracked |  0
| 421|0x000000009bd00000, 0x000000009bd00000, 0x000000009be00000|  0%| F|  |TAMS 0x000000009bd00000| PB 0x000000009bd00000| Untracked |  0
| 422|0x000000009be00000, 0x000000009be00000, 0x000000009bf00000|  0%| F|  |TAMS 0x000000009be00000| PB 0x000000009be00000| Untracked |  0
| 423|0x000000009bf00000, 0x000000009bf00000, 0x000000009c000000|  0%| F|  |TAMS 0x000000009bf00000| PB 0x000000009bf00000| Untracked |  0
| 424|0x000000009c000000, 0x000000009c000000, 0x000000009c100000|  0%| F|  |TAMS 0x000000009c000000| PB 0x000000009c000000| Untracked |  0
| 425|0x000000009c100000, 0x000000009c100000, 0x000000009c200000|  0%| F|  |TAMS 0x000000009c100000| PB 0x000000009c100000| Untracked |  0
| 426|0x000000009c200000, 0x000000009c200000, 0x000000009c300000|  0%| F|  |TAMS 0x000000009c200000| PB 0x000000009c200000| Untracked |  0
| 427|0x000000009c300000, 0x000000009c300000, 0x000000009c400000|  0%| F|  |TAMS 0x000000009c300000| PB 0x000000009c300000| Untracked |  0
| 428|0x000000009c400000, 0x000000009c400000, 0x000000009c500000|  0%| F|  |TAMS 0x000000009c400000| PB 0x000000009c400000| Untracked |  0
| 429|0x000000009c500000, 0x000000009c500000, 0x000000009c600000|  0%| F|  |TAMS 0x000000009c500000| PB 0x000000009c500000| Untracked |  0
| 430|0x000000009c600000, 0x000000009c600000, 0x000000009c700000|  0%| F|  |TAMS 0x000000009c600000| PB 0x000000009c600000| Untracked |  0
| 431|0x000000009c700000, 0x000000009c700000, 0x000000009c800000|  0%| F|  |TAMS 0x000000009c700000| PB 0x000000009c700000| Untracked |  0
| 432|0x000000009c800000, 0x000000009c800000, 0x000000009c900000|  0%| F|  |TAMS 0x000000009c800000| PB 0x000000009c800000| Untracked |  0
| 433|0x000000009c900000, 0x000000009ca00000, 0x000000009ca00000|100%|HS|  |TAMS 0x000000009c900000| PB 0x000000009c900000| Complete |  0
| 434|0x000000009ca00000, 0x000000009cb00000, 0x000000009cb00000|100%|HC|  |TAMS 0x000000009ca00000| PB 0x000000009ca00000| Complete |  0
| 435|0x000000009cb00000, 0x000000009cb00000, 0x000000009cc00000|  0%| F|  |TAMS 0x000000009cb00000| PB 0x000000009cb00000| Untracked |  0
| 436|0x000000009cc00000, 0x000000009cc00000, 0x000000009cd00000|  0%| F|  |TAMS 0x000000009cc00000| PB 0x000000009cc00000| Untracked |  0
| 437|0x000000009cd00000, 0x000000009ce00000, 0x000000009ce00000|100%|HS|  |TAMS 0x000000009cd00000| PB 0x000000009cd00000| Complete |  0
| 438|0x000000009ce00000, 0x000000009cf00000, 0x000000009cf00000|100%|HC|  |TAMS 0x000000009ce00000| PB 0x000000009ce00000| Complete |  0
| 439|0x000000009cf00000, 0x000000009d000000, 0x000000009d000000|100%|HS|  |TAMS 0x000000009cf00000| PB 0x000000009cf00000| Complete |  0
| 440|0x000000009d000000, 0x000000009d100000, 0x000000009d100000|100%|HC|  |TAMS 0x000000009d000000| PB 0x000000009d000000| Complete |  0
| 441|0x000000009d100000, 0x000000009d100000, 0x000000009d200000|  0%| F|  |TAMS 0x000000009d100000| PB 0x000000009d100000| Untracked |  0
| 442|0x000000009d200000, 0x000000009d200000, 0x000000009d300000|  0%| F|  |TAMS 0x000000009d200000| PB 0x000000009d200000| Untracked |  0
| 443|0x000000009d300000, 0x000000009d300000, 0x000000009d400000|  0%| F|  |TAMS 0x000000009d300000| PB 0x000000009d300000| Untracked |  0
| 444|0x000000009d400000, 0x000000009d400000, 0x000000009d500000|  0%| F|  |TAMS 0x000000009d400000| PB 0x000000009d400000| Untracked |  0
| 445|0x000000009d500000, 0x000000009d500000, 0x000000009d600000|  0%| F|  |TAMS 0x000000009d500000| PB 0x000000009d500000| Untracked |  0
| 446|0x000000009d600000, 0x000000009d600000, 0x000000009d700000|  0%| F|  |TAMS 0x000000009d600000| PB 0x000000009d600000| Untracked |  0
| 447|0x000000009d700000, 0x000000009d800000, 0x000000009d800000|100%|HS|  |TAMS 0x000000009d700000| PB 0x000000009d700000| Complete |  0
| 448|0x000000009d800000, 0x000000009d900000, 0x000000009d900000|100%|HC|  |TAMS 0x000000009d800000| PB 0x000000009d800000| Complete |  0
| 449|0x000000009d900000, 0x000000009da00000, 0x000000009da00000|100%|HS|  |TAMS 0x000000009d900000| PB 0x000000009d900000| Complete |  0
| 450|0x000000009da00000, 0x000000009db00000, 0x000000009db00000|100%|HC|  |TAMS 0x000000009da00000| PB 0x000000009da00000| Complete |  0
| 451|0x000000009db00000, 0x000000009db00000, 0x000000009dc00000|  0%| F|  |TAMS 0x000000009db00000| PB 0x000000009db00000| Untracked |  0
| 452|0x000000009dc00000, 0x000000009dc00000, 0x000000009dd00000|  0%| F|  |TAMS 0x000000009dc00000| PB 0x000000009dc00000| Untracked |  0
| 453|0x000000009dd00000, 0x000000009dd00000, 0x000000009de00000|  0%| F|  |TAMS 0x000000009dd00000| PB 0x000000009dd00000| Untracked |  0
| 454|0x000000009de00000, 0x000000009de00000, 0x000000009df00000|  0%| F|  |TAMS 0x000000009de00000| PB 0x000000009de00000| Untracked |  0
| 455|0x000000009df00000, 0x000000009df00000, 0x000000009e000000|  0%| F|  |TAMS 0x000000009df00000| PB 0x000000009df00000| Untracked |  0
| 456|0x000000009e000000, 0x000000009e000000, 0x000000009e100000|  0%| F|  |TAMS 0x000000009e000000| PB 0x000000009e000000| Untracked |  0
| 457|0x000000009e100000, 0x000000009e100000, 0x000000009e200000|  0%| F|  |TAMS 0x000000009e100000| PB 0x000000009e100000| Untracked |  0
| 458|0x000000009e200000, 0x000000009e200000, 0x000000009e300000|  0%| F|  |TAMS 0x000000009e200000| PB 0x000000009e200000| Untracked |  0
| 459|0x000000009e300000, 0x000000009e300000, 0x000000009e400000|  0%| F|  |TAMS 0x000000009e300000| PB 0x000000009e300000| Untracked |  0
| 460|0x000000009e400000, 0x000000009e400000, 0x000000009e500000|  0%| F|  |TAMS 0x000000009e400000| PB 0x000000009e400000| Untracked |  0
| 461|0x000000009e500000, 0x000000009e500000, 0x000000009e600000|  0%| F|  |TAMS 0x000000009e500000| PB 0x000000009e500000| Untracked |  0
| 462|0x000000009e600000, 0x000000009e600000, 0x000000009e700000|  0%| F|  |TAMS 0x000000009e600000| PB 0x000000009e600000| Untracked |  0
| 463|0x000000009e700000, 0x000000009e700000, 0x000000009e800000|  0%| F|  |TAMS 0x000000009e700000| PB 0x000000009e700000| Untracked |  0
| 464|0x000000009e800000, 0x000000009e800000, 0x000000009e900000|  0%| F|  |TAMS 0x000000009e800000| PB 0x000000009e800000| Untracked |  0
| 465|0x000000009e900000, 0x000000009e900000, 0x000000009ea00000|  0%| F|  |TAMS 0x000000009e900000| PB 0x000000009e900000| Untracked |  0
| 466|0x000000009ea00000, 0x000000009ea00000, 0x000000009eb00000|  0%| F|  |TAMS 0x000000009ea00000| PB 0x000000009ea00000| Untracked |  0
| 467|0x000000009eb00000, 0x000000009eb00000, 0x000000009ec00000|  0%| F|  |TAMS 0x000000009eb00000| PB 0x000000009eb00000| Untracked |  0
| 468|0x000000009ec00000, 0x000000009ec00000, 0x000000009ed00000|  0%| F|  |TAMS 0x000000009ec00000| PB 0x000000009ec00000| Untracked |  0
| 469|0x000000009ed00000, 0x000000009ed00000, 0x000000009ee00000|  0%| F|  |TAMS 0x000000009ed00000| PB 0x000000009ed00000| Untracked |  0
| 470|0x000000009ee00000, 0x000000009ee00000, 0x000000009ef00000|  0%| F|  |TAMS 0x000000009ee00000| PB 0x000000009ee00000| Untracked |  0
| 471|0x000000009ef00000, 0x000000009ef00000, 0x000000009f000000|  0%| F|  |TAMS 0x000000009ef00000| PB 0x000000009ef00000| Untracked |  0
| 472|0x000000009f000000, 0x000000009f000000, 0x000000009f100000|  0%| F|  |TAMS 0x000000009f000000| PB 0x000000009f000000| Untracked |  0
| 473|0x000000009f100000, 0x000000009f100000, 0x000000009f200000|  0%| F|  |TAMS 0x000000009f100000| PB 0x000000009f100000| Untracked |  0
| 474|0x000000009f200000, 0x000000009f200000, 0x000000009f300000|  0%| F|  |TAMS 0x000000009f200000| PB 0x000000009f200000| Untracked |  0
| 475|0x000000009f300000, 0x000000009f300000, 0x000000009f400000|  0%| F|  |TAMS 0x000000009f300000| PB 0x000000009f300000| Untracked |  0
| 476|0x000000009f400000, 0x000000009f400000, 0x000000009f500000|  0%| F|  |TAMS 0x000000009f400000| PB 0x000000009f400000| Untracked |  0
| 477|0x000000009f500000, 0x000000009f500000, 0x000000009f600000|  0%| F|  |TAMS 0x000000009f500000| PB 0x000000009f500000| Untracked |  0
| 478|0x000000009f600000, 0x000000009f600000, 0x000000009f700000|  0%| F|  |TAMS 0x000000009f600000| PB 0x000000009f600000| Untracked |  0
| 479|0x000000009f700000, 0x000000009f700000, 0x000000009f800000|  0%| F|  |TAMS 0x000000009f700000| PB 0x000000009f700000| Untracked |  0
| 480|0x000000009f800000, 0x000000009f800000, 0x000000009f900000|  0%| F|  |TAMS 0x000000009f800000| PB 0x000000009f800000| Untracked |  0
| 481|0x000000009f900000, 0x000000009f900000, 0x000000009fa00000|  0%| F|  |TAMS 0x000000009f900000| PB 0x000000009f900000| Untracked |  0
| 482|0x000000009fa00000, 0x000000009fa00000, 0x000000009fb00000|  0%| F|  |TAMS 0x000000009fa00000| PB 0x000000009fa00000| Untracked |  0
| 483|0x000000009fb00000, 0x000000009fb00000, 0x000000009fc00000|  0%| F|  |TAMS 0x000000009fb00000| PB 0x000000009fb00000| Untracked |  0
| 484|0x000000009fc00000, 0x000000009fc00000, 0x000000009fd00000|  0%| F|  |TAMS 0x000000009fc00000| PB 0x000000009fc00000| Untracked |  0
| 485|0x000000009fd00000, 0x000000009fd00000, 0x000000009fe00000|  0%| F|  |TAMS 0x000000009fd00000| PB 0x000000009fd00000| Untracked |  0
| 486|0x000000009fe00000, 0x000000009fe00000, 0x000000009ff00000|  0%| F|  |TAMS 0x000000009fe00000| PB 0x000000009fe00000| Untracked |  0
| 487|0x000000009ff00000, 0x00000000a0000000, 0x00000000a0000000|100%|HS|  |TAMS 0x000000009ff00000| PB 0x000000009ff00000| Complete |  0
| 488|0x00000000a0000000, 0x00000000a0100000, 0x00000000a0100000|100%|HC|  |TAMS 0x00000000a0000000| PB 0x00000000a0000000| Complete |  0
| 489|0x00000000a0100000, 0x00000000a0100000, 0x00000000a0200000|  0%| F|  |TAMS 0x00000000a0100000| PB 0x00000000a0100000| Untracked |  0
| 490|0x00000000a0200000, 0x00000000a0200000, 0x00000000a0300000|  0%| F|  |TAMS 0x00000000a0200000| PB 0x00000000a0200000| Untracked |  0
| 491|0x00000000a0300000, 0x00000000a0300000, 0x00000000a0400000|  0%| F|  |TAMS 0x00000000a0300000| PB 0x00000000a0300000| Untracked |  0
| 492|0x00000000a0400000, 0x00000000a0400000, 0x00000000a0500000|  0%| F|  |TAMS 0x00000000a0400000| PB 0x00000000a0400000| Untracked |  0
| 493|0x00000000a0500000, 0x00000000a0500000, 0x00000000a0600000|  0%| F|  |TAMS 0x00000000a0500000| PB 0x00000000a0500000| Untracked |  0
| 494|0x00000000a0600000, 0x00000000a0600000, 0x00000000a0700000|  0%| F|  |TAMS 0x00000000a0600000| PB 0x00000000a0600000| Untracked |  0
| 495|0x00000000a0700000, 0x00000000a0700000, 0x00000000a0800000|  0%| F|  |TAMS 0x00000000a0700000| PB 0x00000000a0700000| Untracked |  0
| 496|0x00000000a0800000, 0x00000000a0800000, 0x00000000a0900000|  0%| F|  |TAMS 0x00000000a0800000| PB 0x00000000a0800000| Untracked |  0
| 497|0x00000000a0900000, 0x00000000a0900000, 0x00000000a0a00000|  0%| F|  |TAMS 0x00000000a0900000| PB 0x00000000a0900000| Untracked |  0
| 498|0x00000000a0a00000, 0x00000000a0a00000, 0x00000000a0b00000|  0%| F|  |TAMS 0x00000000a0a00000| PB 0x00000000a0a00000| Untracked |  0
| 499|0x00000000a0b00000, 0x00000000a0b00000, 0x00000000a0c00000|  0%| F|  |TAMS 0x00000000a0b00000| PB 0x00000000a0b00000| Untracked |  0
| 500|0x00000000a0c00000, 0x00000000a0c00000, 0x00000000a0d00000|  0%| F|  |TAMS 0x00000000a0c00000| PB 0x00000000a0c00000| Untracked |  0
| 501|0x00000000a0d00000, 0x00000000a0d00000, 0x00000000a0e00000|  0%| F|  |TAMS 0x00000000a0d00000| PB 0x00000000a0d00000| Untracked |  0
| 502|0x00000000a0e00000, 0x00000000a0e00000, 0x00000000a0f00000|  0%| F|  |TAMS 0x00000000a0e00000| PB 0x00000000a0e00000| Untracked |  0
| 503|0x00000000a0f00000, 0x00000000a0f00000, 0x00000000a1000000|  0%| F|  |TAMS 0x00000000a0f00000| PB 0x00000000a0f00000| Untracked |  0
| 504|0x00000000a1000000, 0x00000000a1000000, 0x00000000a1100000|  0%| F|  |TAMS 0x00000000a1000000| PB 0x00000000a1000000| Untracked |  0
| 505|0x00000000a1100000, 0x00000000a1100000, 0x00000000a1200000|  0%| F|  |TAMS 0x00000000a1100000| PB 0x00000000a1100000| Untracked |  0
| 506|0x00000000a1200000, 0x00000000a1200000, 0x00000000a1300000|  0%| F|  |TAMS 0x00000000a1200000| PB 0x00000000a1200000| Untracked |  0
| 507|0x00000000a1300000, 0x00000000a1300000, 0x00000000a1400000|  0%| F|  |TAMS 0x00000000a1300000| PB 0x00000000a1300000| Untracked |  0
| 508|0x00000000a1400000, 0x00000000a1500000, 0x00000000a1500000|100%| E|  |TAMS 0x00000000a1400000| PB 0x00000000a1400000| Complete |  0
| 509|0x00000000a1500000, 0x00000000a1600000, 0x00000000a1600000|100%| E|CS|TAMS 0x00000000a1500000| PB 0x00000000a1500000| Complete |  0
| 510|0x00000000a1600000, 0x00000000a1700000, 0x00000000a1700000|100%| E|CS|TAMS 0x00000000a1600000| PB 0x00000000a1600000| Complete |  0
| 511|0x00000000a1700000, 0x00000000a1800000, 0x00000000a1800000|100%| E|CS|TAMS 0x00000000a1700000| PB 0x00000000a1700000| Complete |  0
| 512|0x00000000a1800000, 0x00000000a1900000, 0x00000000a1900000|100%| E|CS|TAMS 0x00000000a1800000| PB 0x00000000a1800000| Complete |  0
| 513|0x00000000a1900000, 0x00000000a1a00000, 0x00000000a1a00000|100%| E|CS|TAMS 0x00000000a1900000| PB 0x00000000a1900000| Complete |  0
| 514|0x00000000a1a00000, 0x00000000a1b00000, 0x00000000a1b00000|100%| E|CS|TAMS 0x00000000a1a00000| PB 0x00000000a1a00000| Complete |  0
| 515|0x00000000a1b00000, 0x00000000a1c00000, 0x00000000a1c00000|100%| E|CS|TAMS 0x00000000a1b00000| PB 0x00000000a1b00000| Complete |  0
| 516|0x00000000a1c00000, 0x00000000a1d00000, 0x00000000a1d00000|100%| E|CS|TAMS 0x00000000a1c00000| PB 0x00000000a1c00000| Complete |  0
| 517|0x00000000a1d00000, 0x00000000a1e00000, 0x00000000a1e00000|100%| E|CS|TAMS 0x00000000a1d00000| PB 0x00000000a1d00000| Complete |  0
| 518|0x00000000a1e00000, 0x00000000a1f00000, 0x00000000a1f00000|100%| E|CS|TAMS 0x00000000a1e00000| PB 0x00000000a1e00000| Complete |  0
| 519|0x00000000a1f00000, 0x00000000a2000000, 0x00000000a2000000|100%| E|CS|TAMS 0x00000000a1f00000| PB 0x00000000a1f00000| Complete |  0
| 520|0x00000000a2000000, 0x00000000a2100000, 0x00000000a2100000|100%| E|CS|TAMS 0x00000000a2000000| PB 0x00000000a2000000| Complete |  0
| 521|0x00000000a2100000, 0x00000000a2200000, 0x00000000a2200000|100%| E|CS|TAMS 0x00000000a2100000| PB 0x00000000a2100000| Complete |  0
| 522|0x00000000a2200000, 0x00000000a2300000, 0x00000000a2300000|100%| E|CS|TAMS 0x00000000a2200000| PB 0x00000000a2200000| Complete |  0
| 523|0x00000000a2300000, 0x00000000a2400000, 0x00000000a2400000|100%| E|CS|TAMS 0x00000000a2300000| PB 0x00000000a2300000| Complete |  0
| 524|0x00000000a2400000, 0x00000000a2500000, 0x00000000a2500000|100%| E|CS|TAMS 0x00000000a2400000| PB 0x00000000a2400000| Complete |  0
| 525|0x00000000a2500000, 0x00000000a2600000, 0x00000000a2600000|100%| E|CS|TAMS 0x00000000a2500000| PB 0x00000000a2500000| Complete |  0
| 526|0x00000000a2600000, 0x00000000a2700000, 0x00000000a2700000|100%| E|CS|TAMS 0x00000000a2600000| PB 0x00000000a2600000| Complete |  0
| 527|0x00000000a2700000, 0x00000000a2800000, 0x00000000a2800000|100%|HS|  |TAMS 0x00000000a2700000| PB 0x00000000a2700000| Complete |  0
| 528|0x00000000a2800000, 0x00000000a2900000, 0x00000000a2900000|100%|HC|  |TAMS 0x00000000a2800000| PB 0x00000000a2800000| Complete |  0
| 529|0x00000000a2900000, 0x00000000a2a00000, 0x00000000a2a00000|100%|HS|  |TAMS 0x00000000a2900000| PB 0x00000000a2900000| Complete |  0
| 530|0x00000000a2a00000, 0x00000000a2b00000, 0x00000000a2b00000|100%|HC|  |TAMS 0x00000000a2a00000| PB 0x00000000a2a00000| Complete |  0
| 531|0x00000000a2b00000, 0x00000000a2c00000, 0x00000000a2c00000|100%|HS|  |TAMS 0x00000000a2b00000| PB 0x00000000a2b00000| Complete |  0
| 532|0x00000000a2c00000, 0x00000000a2d00000, 0x00000000a2d00000|100%|HC|  |TAMS 0x00000000a2c00000| PB 0x00000000a2c00000| Complete |  0
| 533|0x00000000a2d00000, 0x00000000a2e00000, 0x00000000a2e00000|100%|HC|  |TAMS 0x00000000a2d00000| PB 0x00000000a2d00000| Complete |  0
| 534|0x00000000a2e00000, 0x00000000a2f00000, 0x00000000a2f00000|100%|HC|  |TAMS 0x00000000a2e00000| PB 0x00000000a2e00000| Complete |  0
| 535|0x00000000a2f00000, 0x00000000a3000000, 0x00000000a3000000|100%|HC|  |TAMS 0x00000000a2f00000| PB 0x00000000a2f00000| Complete |  0
| 536|0x00000000a3000000, 0x00000000a3100000, 0x00000000a3100000|100%|HC|  |TAMS 0x00000000a3000000| PB 0x00000000a3000000| Complete |  0
| 537|0x00000000a3100000, 0x00000000a3200000, 0x00000000a3200000|100%|HC|  |TAMS 0x00000000a3100000| PB 0x00000000a3100000| Complete |  0
| 538|0x00000000a3200000, 0x00000000a3300000, 0x00000000a3300000|100%|HC|  |TAMS 0x00000000a3200000| PB 0x00000000a3200000| Complete |  0
| 539|0x00000000a3300000, 0x00000000a3400000, 0x00000000a3400000|100%|HC|  |TAMS 0x00000000a3300000| PB 0x00000000a3300000| Complete |  0
| 540|0x00000000a3400000, 0x00000000a3500000, 0x00000000a3500000|100%|HC|  |TAMS 0x00000000a3400000| PB 0x00000000a3400000| Complete |  0
| 541|0x00000000a3500000, 0x00000000a3600000, 0x00000000a3600000|100%|HC|  |TAMS 0x00000000a3500000| PB 0x00000000a3500000| Complete |  0
| 542|0x00000000a3600000, 0x00000000a3700000, 0x00000000a3700000|100%|HC|  |TAMS 0x00000000a3600000| PB 0x00000000a3600000| Complete |  0
| 543|0x00000000a3700000, 0x00000000a3800000, 0x00000000a3800000|100%|HC|  |TAMS 0x00000000a3700000| PB 0x00000000a3700000| Complete |  0
| 544|0x00000000a3800000, 0x00000000a3900000, 0x00000000a3900000|100%|HC|  |TAMS 0x00000000a3800000| PB 0x00000000a3800000| Complete |  0
| 545|0x00000000a3900000, 0x00000000a3a00000, 0x00000000a3a00000|100%|HC|  |TAMS 0x00000000a3900000| PB 0x00000000a3900000| Complete |  0
| 546|0x00000000a3a00000, 0x00000000a3b00000, 0x00000000a3b00000|100%|HC|  |TAMS 0x00000000a3a00000| PB 0x00000000a3a00000| Complete |  0
| 547|0x00000000a3b00000, 0x00000000a3c00000, 0x00000000a3c00000|100%|HC|  |TAMS 0x00000000a3b00000| PB 0x00000000a3b00000| Complete |  0
| 548|0x00000000a3c00000, 0x00000000a3d00000, 0x00000000a3d00000|100%|HC|  |TAMS 0x00000000a3c00000| PB 0x00000000a3c00000| Complete |  0
| 549|0x00000000a3d00000, 0x00000000a3e00000, 0x00000000a3e00000|100%|HC|  |TAMS 0x00000000a3d00000| PB 0x00000000a3d00000| Complete |  0
| 550|0x00000000a3e00000, 0x00000000a3f00000, 0x00000000a3f00000|100%|HC|  |TAMS 0x00000000a3e00000| PB 0x00000000a3e00000| Complete |  0
| 551|0x00000000a3f00000, 0x00000000a4000000, 0x00000000a4000000|100%|HC|  |TAMS 0x00000000a3f00000| PB 0x00000000a3f00000| Complete |  0
| 552|0x00000000a4000000, 0x00000000a4100000, 0x00000000a4100000|100%|HC|  |TAMS 0x00000000a4000000| PB 0x00000000a4000000| Complete |  0
| 553|0x00000000a4100000, 0x00000000a4200000, 0x00000000a4200000|100%|HC|  |TAMS 0x00000000a4100000| PB 0x00000000a4100000| Complete |  0
| 554|0x00000000a4200000, 0x00000000a4300000, 0x00000000a4300000|100%|HC|  |TAMS 0x00000000a4200000| PB 0x00000000a4200000| Complete |  0
| 555|0x00000000a4300000, 0x00000000a4400000, 0x00000000a4400000|100%|HC|  |TAMS 0x00000000a4300000| PB 0x00000000a4300000| Complete |  0
| 556|0x00000000a4400000, 0x00000000a4500000, 0x00000000a4500000|100%|HC|  |TAMS 0x00000000a4400000| PB 0x00000000a4400000| Complete |  0
| 557|0x00000000a4500000, 0x00000000a4600000, 0x00000000a4600000|100%|HC|  |TAMS 0x00000000a4500000| PB 0x00000000a4500000| Complete |  0
| 558|0x00000000a4600000, 0x00000000a4700000, 0x00000000a4700000|100%|HC|  |TAMS 0x00000000a4600000| PB 0x00000000a4600000| Complete |  0
| 559|0x00000000a4700000, 0x00000000a4800000, 0x00000000a4800000|100%|HC|  |TAMS 0x00000000a4700000| PB 0x00000000a4700000| Complete |  0
| 560|0x00000000a4800000, 0x00000000a4900000, 0x00000000a4900000|100%|HC|  |TAMS 0x00000000a4800000| PB 0x00000000a4800000| Complete |  0
| 561|0x00000000a4900000, 0x00000000a4a00000, 0x00000000a4a00000|100%|HC|  |TAMS 0x00000000a4900000| PB 0x00000000a4900000| Complete |  0
| 562|0x00000000a4a00000, 0x00000000a4b00000, 0x00000000a4b00000|100%|HC|  |TAMS 0x00000000a4a00000| PB 0x00000000a4a00000| Complete |  0
| 563|0x00000000a4b00000, 0x00000000a4c00000, 0x00000000a4c00000|100%|HC|  |TAMS 0x00000000a4b00000| PB 0x00000000a4b00000| Complete |  0
| 564|0x00000000a4c00000, 0x00000000a4d00000, 0x00000000a4d00000|100%|HC|  |TAMS 0x00000000a4c00000| PB 0x00000000a4c00000| Complete |  0
| 565|0x00000000a4d00000, 0x00000000a4e00000, 0x00000000a4e00000|100%|HC|  |TAMS 0x00000000a4d00000| PB 0x00000000a4d00000| Complete |  0
| 566|0x00000000a4e00000, 0x00000000a4f00000, 0x00000000a4f00000|100%|HC|  |TAMS 0x00000000a4e00000| PB 0x00000000a4e00000| Complete |  0
| 567|0x00000000a4f00000, 0x00000000a5000000, 0x00000000a5000000|100%|HC|  |TAMS 0x00000000a4f00000| PB 0x00000000a4f00000| Complete |  0
| 568|0x00000000a5000000, 0x00000000a5100000, 0x00000000a5100000|100%|HC|  |TAMS 0x00000000a5000000| PB 0x00000000a5000000| Complete |  0
| 569|0x00000000a5100000, 0x00000000a5200000, 0x00000000a5200000|100%|HC|  |TAMS 0x00000000a5100000| PB 0x00000000a5100000| Complete |  0
| 570|0x00000000a5200000, 0x00000000a5300000, 0x00000000a5300000|100%|HC|  |TAMS 0x00000000a5200000| PB 0x00000000a5200000| Complete |  0
| 571|0x00000000a5300000, 0x00000000a5400000, 0x00000000a5400000|100%|HC|  |TAMS 0x00000000a5300000| PB 0x00000000a5300000| Complete |  0
| 572|0x00000000a5400000, 0x00000000a5500000, 0x00000000a5500000|100%|HC|  |TAMS 0x00000000a5400000| PB 0x00000000a5400000| Complete |  0
| 573|0x00000000a5500000, 0x00000000a5600000, 0x00000000a5600000|100%|HC|  |TAMS 0x00000000a5500000| PB 0x00000000a5500000| Complete |  0
| 574|0x00000000a5600000, 0x00000000a5700000, 0x00000000a5700000|100%|HC|  |TAMS 0x00000000a5600000| PB 0x00000000a5600000| Complete |  0
| 575|0x00000000a5700000, 0x00000000a5800000, 0x00000000a5800000|100%|HC|  |TAMS 0x00000000a5700000| PB 0x00000000a5700000| Complete |  0
| 576|0x00000000a5800000, 0x00000000a5900000, 0x00000000a5900000|100%|HC|  |TAMS 0x00000000a5800000| PB 0x00000000a5800000| Complete |  0
| 577|0x00000000a5900000, 0x00000000a5a00000, 0x00000000a5a00000|100%|HC|  |TAMS 0x00000000a5900000| PB 0x00000000a5900000| Complete |  0
| 578|0x00000000a5a00000, 0x00000000a5b00000, 0x00000000a5b00000|100%|HS|  |TAMS 0x00000000a5a00000| PB 0x00000000a5a00000| Complete |  0
| 579|0x00000000a5b00000, 0x00000000a5c00000, 0x00000000a5c00000|100%|HC|  |TAMS 0x00000000a5b00000| PB 0x00000000a5b00000| Complete |  0
| 580|0x00000000a5c00000, 0x00000000a5d00000, 0x00000000a5d00000|100%|HC|  |TAMS 0x00000000a5c00000| PB 0x00000000a5c00000| Complete |  0
| 581|0x00000000a5d00000, 0x00000000a5e00000, 0x00000000a5e00000|100%|HC|  |TAMS 0x00000000a5d00000| PB 0x00000000a5d00000| Complete |  0
| 582|0x00000000a5e00000, 0x00000000a5f00000, 0x00000000a5f00000|100%|HC|  |TAMS 0x00000000a5e00000| PB 0x00000000a5e00000| Complete |  0
| 583|0x00000000a5f00000, 0x00000000a6000000, 0x00000000a6000000|100%|HC|  |TAMS 0x00000000a5f00000| PB 0x00000000a5f00000| Complete |  0
| 584|0x00000000a6000000, 0x00000000a6100000, 0x00000000a6100000|100%|HC|  |TAMS 0x00000000a6000000| PB 0x00000000a6000000| Complete |  0
| 585|0x00000000a6100000, 0x00000000a6200000, 0x00000000a6200000|100%|HC|  |TAMS 0x00000000a6100000| PB 0x00000000a6100000| Complete |  0
| 586|0x00000000a6200000, 0x00000000a6300000, 0x00000000a6300000|100%|HC|  |TAMS 0x00000000a6200000| PB 0x00000000a6200000| Complete |  0
| 587|0x00000000a6300000, 0x00000000a6400000, 0x00000000a6400000|100%|HC|  |TAMS 0x00000000a6300000| PB 0x00000000a6300000| Complete |  0
| 588|0x00000000a6400000, 0x00000000a6500000, 0x00000000a6500000|100%|HC|  |TAMS 0x00000000a6400000| PB 0x00000000a6400000| Complete |  0
| 589|0x00000000a6500000, 0x00000000a6600000, 0x00000000a6600000|100%|HC|  |TAMS 0x00000000a6500000| PB 0x00000000a6500000| Complete |  0
| 590|0x00000000a6600000, 0x00000000a6700000, 0x00000000a6700000|100%|HC|  |TAMS 0x00000000a6600000| PB 0x00000000a6600000| Complete |  0
| 591|0x00000000a6700000, 0x00000000a6800000, 0x00000000a6800000|100%|HC|  |TAMS 0x00000000a6700000| PB 0x00000000a6700000| Complete |  0
| 592|0x00000000a6800000, 0x00000000a6900000, 0x00000000a6900000|100%|HC|  |TAMS 0x00000000a6800000| PB 0x00000000a6800000| Complete |  0
| 593|0x00000000a6900000, 0x00000000a6a00000, 0x00000000a6a00000|100%|HC|  |TAMS 0x00000000a6900000| PB 0x00000000a6900000| Complete |  0
| 594|0x00000000a6a00000, 0x00000000a6b00000, 0x00000000a6b00000|100%|HC|  |TAMS 0x00000000a6a00000| PB 0x00000000a6a00000| Complete |  0
| 595|0x00000000a6b00000, 0x00000000a6c00000, 0x00000000a6c00000|100%|HC|  |TAMS 0x00000000a6b00000| PB 0x00000000a6b00000| Complete |  0
| 596|0x00000000a6c00000, 0x00000000a6d00000, 0x00000000a6d00000|100%|HC|  |TAMS 0x00000000a6c00000| PB 0x00000000a6c00000| Complete |  0
| 597|0x00000000a6d00000, 0x00000000a6e00000, 0x00000000a6e00000|100%|HC|  |TAMS 0x00000000a6d00000| PB 0x00000000a6d00000| Complete |  0
| 598|0x00000000a6e00000, 0x00000000a6f00000, 0x00000000a6f00000|100%|HC|  |TAMS 0x00000000a6e00000| PB 0x00000000a6e00000| Complete |  0
| 599|0x00000000a6f00000, 0x00000000a7000000, 0x00000000a7000000|100%|HC|  |TAMS 0x00000000a6f00000| PB 0x00000000a6f00000| Complete |  0
| 600|0x00000000a7000000, 0x00000000a7100000, 0x00000000a7100000|100%|HC|  |TAMS 0x00000000a7000000| PB 0x00000000a7000000| Complete |  0
| 601|0x00000000a7100000, 0x00000000a7200000, 0x00000000a7200000|100%|HC|  |TAMS 0x00000000a7100000| PB 0x00000000a7100000| Complete |  0
| 602|0x00000000a7200000, 0x00000000a7300000, 0x00000000a7300000|100%|HC|  |TAMS 0x00000000a7200000| PB 0x00000000a7200000| Complete |  0
| 603|0x00000000a7300000, 0x00000000a7400000, 0x00000000a7400000|100%|HC|  |TAMS 0x00000000a7300000| PB 0x00000000a7300000| Complete |  0
| 604|0x00000000a7400000, 0x00000000a7500000, 0x00000000a7500000|100%|HC|  |TAMS 0x00000000a7400000| PB 0x00000000a7400000| Complete |  0
| 605|0x00000000a7500000, 0x00000000a7600000, 0x00000000a7600000|100%|HC|  |TAMS 0x00000000a7500000| PB 0x00000000a7500000| Complete |  0
| 606|0x00000000a7600000, 0x00000000a7700000, 0x00000000a7700000|100%|HC|  |TAMS 0x00000000a7600000| PB 0x00000000a7600000| Complete |  0
| 607|0x00000000a7700000, 0x00000000a7800000, 0x00000000a7800000|100%|HC|  |TAMS 0x00000000a7700000| PB 0x00000000a7700000| Complete |  0
| 608|0x00000000a7800000, 0x00000000a7900000, 0x00000000a7900000|100%|HC|  |TAMS 0x00000000a7800000| PB 0x00000000a7800000| Complete |  0
| 609|0x00000000a7900000, 0x00000000a7a00000, 0x00000000a7a00000|100%|HC|  |TAMS 0x00000000a7900000| PB 0x00000000a7900000| Complete |  0
| 610|0x00000000a7a00000, 0x00000000a7b00000, 0x00000000a7b00000|100%|HC|  |TAMS 0x00000000a7a00000| PB 0x00000000a7a00000| Complete |  0
| 611|0x00000000a7b00000, 0x00000000a7c00000, 0x00000000a7c00000|100%|HC|  |TAMS 0x00000000a7b00000| PB 0x00000000a7b00000| Complete |  0
| 612|0x00000000a7c00000, 0x00000000a7d00000, 0x00000000a7d00000|100%|HC|  |TAMS 0x00000000a7c00000| PB 0x00000000a7c00000| Complete |  0
| 613|0x00000000a7d00000, 0x00000000a7e00000, 0x00000000a7e00000|100%|HC|  |TAMS 0x00000000a7d00000| PB 0x00000000a7d00000| Complete |  0
| 614|0x00000000a7e00000, 0x00000000a7f00000, 0x00000000a7f00000|100%|HC|  |TAMS 0x00000000a7e00000| PB 0x00000000a7e00000| Complete |  0
| 615|0x00000000a7f00000, 0x00000000a8000000, 0x00000000a8000000|100%|HC|  |TAMS 0x00000000a7f00000| PB 0x00000000a7f00000| Complete |  0
| 616|0x00000000a8000000, 0x00000000a8100000, 0x00000000a8100000|100%|HC|  |TAMS 0x00000000a8000000| PB 0x00000000a8000000| Complete |  0
| 617|0x00000000a8100000, 0x00000000a8200000, 0x00000000a8200000|100%|HC|  |TAMS 0x00000000a8100000| PB 0x00000000a8100000| Complete |  0
| 618|0x00000000a8200000, 0x00000000a8300000, 0x00000000a8300000|100%|HC|  |TAMS 0x00000000a8200000| PB 0x00000000a8200000| Complete |  0
| 619|0x00000000a8300000, 0x00000000a8400000, 0x00000000a8400000|100%|HC|  |TAMS 0x00000000a8300000| PB 0x00000000a8300000| Complete |  0
| 620|0x00000000a8400000, 0x00000000a8500000, 0x00000000a8500000|100%|HC|  |TAMS 0x00000000a8400000| PB 0x00000000a8400000| Complete |  0
| 621|0x00000000a8500000, 0x00000000a8600000, 0x00000000a8600000|100%|HC|  |TAMS 0x00000000a8500000| PB 0x00000000a8500000| Complete |  0
| 622|0x00000000a8600000, 0x00000000a8700000, 0x00000000a8700000|100%|HC|  |TAMS 0x00000000a8600000| PB 0x00000000a8600000| Complete |  0
| 623|0x00000000a8700000, 0x00000000a8800000, 0x00000000a8800000|100%|HC|  |TAMS 0x00000000a8700000| PB 0x00000000a8700000| Complete |  0
| 624|0x00000000a8800000, 0x00000000a8900000, 0x00000000a8900000|100%|HC|  |TAMS 0x00000000a8800000| PB 0x00000000a8800000| Complete |  0
| 625|0x00000000a8900000, 0x00000000a8a00000, 0x00000000a8a00000|100%| E|CS|TAMS 0x00000000a8900000| PB 0x00000000a8900000| Complete |  0
| 626|0x00000000a8a00000, 0x00000000a8b00000, 0x00000000a8b00000|100%| E|CS|TAMS 0x00000000a8a00000| PB 0x00000000a8a00000| Complete |  0
| 627|0x00000000a8b00000, 0x00000000a8c00000, 0x00000000a8c00000|100%| E|CS|TAMS 0x00000000a8b00000| PB 0x00000000a8b00000| Complete |  0
| 628|0x00000000a8c00000, 0x00000000a8d00000, 0x00000000a8d00000|100%| E|CS|TAMS 0x00000000a8c00000| PB 0x00000000a8c00000| Complete |  0
| 629|0x00000000a8d00000, 0x00000000a8e00000, 0x00000000a8e00000|100%| E|CS|TAMS 0x00000000a8d00000| PB 0x00000000a8d00000| Complete |  0
| 630|0x00000000a8e00000, 0x00000000a8f00000, 0x00000000a8f00000|100%| E|CS|TAMS 0x00000000a8e00000| PB 0x00000000a8e00000| Complete |  0
| 631|0x00000000a8f00000, 0x00000000a9000000, 0x00000000a9000000|100%| E|CS|TAMS 0x00000000a8f00000| PB 0x00000000a8f00000| Complete |  0
| 632|0x00000000a9000000, 0x00000000a9100000, 0x00000000a9100000|100%| E|CS|TAMS 0x00000000a9000000| PB 0x00000000a9000000| Complete |  0
| 633|0x00000000a9100000, 0x00000000a9200000, 0x00000000a9200000|100%| E|CS|TAMS 0x00000000a9100000| PB 0x00000000a9100000| Complete |  0
| 634|0x00000000a9200000, 0x00000000a9300000, 0x00000000a9300000|100%| E|CS|TAMS 0x00000000a9200000| PB 0x00000000a9200000| Complete |  0
| 635|0x00000000a9300000, 0x00000000a9400000, 0x00000000a9400000|100%| E|CS|TAMS 0x00000000a9300000| PB 0x00000000a9300000| Complete |  0
| 636|0x00000000a9400000, 0x00000000a9500000, 0x00000000a9500000|100%| E|CS|TAMS 0x00000000a9400000| PB 0x00000000a9400000| Complete |  0
| 637|0x00000000a9500000, 0x00000000a9600000, 0x00000000a9600000|100%| E|CS|TAMS 0x00000000a9500000| PB 0x00000000a9500000| Complete |  0
| 638|0x00000000a9600000, 0x00000000a9700000, 0x00000000a9700000|100%| E|CS|TAMS 0x00000000a9600000| PB 0x00000000a9600000| Complete |  0
| 639|0x00000000a9700000, 0x00000000a9800000, 0x00000000a9800000|100%| E|CS|TAMS 0x00000000a9700000| PB 0x00000000a9700000| Complete |  0
| 640|0x00000000a9800000, 0x00000000a9900000, 0x00000000a9900000|100%| E|CS|TAMS 0x00000000a9800000| PB 0x00000000a9800000| Complete |  0
| 641|0x00000000a9900000, 0x00000000a9a00000, 0x00000000a9a00000|100%| E|CS|TAMS 0x00000000a9900000| PB 0x00000000a9900000| Complete |  0
| 642|0x00000000a9a00000, 0x00000000a9b00000, 0x00000000a9b00000|100%| E|CS|TAMS 0x00000000a9a00000| PB 0x00000000a9a00000| Complete |  0
| 643|0x00000000a9b00000, 0x00000000a9c00000, 0x00000000a9c00000|100%| E|CS|TAMS 0x00000000a9b00000| PB 0x00000000a9b00000| Complete |  0
| 644|0x00000000a9c00000, 0x00000000a9d00000, 0x00000000a9d00000|100%| E|CS|TAMS 0x00000000a9c00000| PB 0x00000000a9c00000| Complete |  0
| 645|0x00000000a9d00000, 0x00000000a9e00000, 0x00000000a9e00000|100%| E|CS|TAMS 0x00000000a9d00000| PB 0x00000000a9d00000| Complete |  0
| 646|0x00000000a9e00000, 0x00000000a9f00000, 0x00000000a9f00000|100%| E|CS|TAMS 0x00000000a9e00000| PB 0x00000000a9e00000| Complete |  0
| 647|0x00000000a9f00000, 0x00000000aa000000, 0x00000000aa000000|100%| E|CS|TAMS 0x00000000a9f00000| PB 0x00000000a9f00000| Complete |  0
| 648|0x00000000aa000000, 0x00000000aa100000, 0x00000000aa100000|100%| E|CS|TAMS 0x00000000aa000000| PB 0x00000000aa000000| Complete |  0
| 649|0x00000000aa100000, 0x00000000aa200000, 0x00000000aa200000|100%| E|CS|TAMS 0x00000000aa100000| PB 0x00000000aa100000| Complete |  0
| 650|0x00000000aa200000, 0x00000000aa300000, 0x00000000aa300000|100%| E|  |TAMS 0x00000000aa200000| PB 0x00000000aa200000| Complete |  0
| 651|0x00000000aa300000, 0x00000000aa400000, 0x00000000aa400000|100%| E|CS|TAMS 0x00000000aa300000| PB 0x00000000aa300000| Complete |  0
| 652|0x00000000aa400000, 0x00000000aa500000, 0x00000000aa500000|100%| E|CS|TAMS 0x00000000aa400000| PB 0x00000000aa400000| Complete |  0
| 653|0x00000000aa500000, 0x00000000aa600000, 0x00000000aa600000|100%| E|CS|TAMS 0x00000000aa500000| PB 0x00000000aa500000| Complete |  0
| 654|0x00000000aa600000, 0x00000000aa700000, 0x00000000aa700000|100%| E|CS|TAMS 0x00000000aa600000| PB 0x00000000aa600000| Complete |  0
| 655|0x00000000aa700000, 0x00000000aa800000, 0x00000000aa800000|100%| E|CS|TAMS 0x00000000aa700000| PB 0x00000000aa700000| Complete |  0
| 656|0x00000000aa800000, 0x00000000aa900000, 0x00000000aa900000|100%| E|CS|TAMS 0x00000000aa800000| PB 0x00000000aa800000| Complete |  0
| 657|0x00000000aa900000, 0x00000000aaa00000, 0x00000000aaa00000|100%| E|CS|TAMS 0x00000000aa900000| PB 0x00000000aa900000| Complete |  0
| 658|0x00000000aaa00000, 0x00000000aab00000, 0x00000000aab00000|100%| E|CS|TAMS 0x00000000aaa00000| PB 0x00000000aaa00000| Complete |  0
| 659|0x00000000aab00000, 0x00000000aac00000, 0x00000000aac00000|100%| E|CS|TAMS 0x00000000aab00000| PB 0x00000000aab00000| Complete |  0
| 660|0x00000000aac00000, 0x00000000aad00000, 0x00000000aad00000|100%| E|CS|TAMS 0x00000000aac00000| PB 0x00000000aac00000| Complete |  0
| 661|0x00000000aad00000, 0x00000000aae00000, 0x00000000aae00000|100%| E|CS|TAMS 0x00000000aad00000| PB 0x00000000aad00000| Complete |  0
| 662|0x00000000aae00000, 0x00000000aaf00000, 0x00000000aaf00000|100%| E|CS|TAMS 0x00000000aae00000| PB 0x00000000aae00000| Complete |  0
| 663|0x00000000aaf00000, 0x00000000ab000000, 0x00000000ab000000|100%| E|CS|TAMS 0x00000000aaf00000| PB 0x00000000aaf00000| Complete |  0
| 664|0x00000000ab000000, 0x00000000ab100000, 0x00000000ab100000|100%| E|CS|TAMS 0x00000000ab000000| PB 0x00000000ab000000| Complete |  0
| 665|0x00000000ab100000, 0x00000000ab200000, 0x00000000ab200000|100%| E|CS|TAMS 0x00000000ab100000| PB 0x00000000ab100000| Complete |  0
| 666|0x00000000ab200000, 0x00000000ab300000, 0x00000000ab300000|100%| E|CS|TAMS 0x00000000ab200000| PB 0x00000000ab200000| Complete |  0
| 667|0x00000000ab300000, 0x00000000ab400000, 0x00000000ab400000|100%| E|CS|TAMS 0x00000000ab300000| PB 0x00000000ab300000| Complete |  0
| 668|0x00000000ab400000, 0x00000000ab500000, 0x00000000ab500000|100%| E|CS|TAMS 0x00000000ab400000| PB 0x00000000ab400000| Complete |  0
| 669|0x00000000ab500000, 0x00000000ab600000, 0x00000000ab600000|100%| E|CS|TAMS 0x00000000ab500000| PB 0x00000000ab500000| Complete |  0
| 670|0x00000000ab600000, 0x00000000ab700000, 0x00000000ab700000|100%| E|CS|TAMS 0x00000000ab600000| PB 0x00000000ab600000| Complete |  0
| 671|0x00000000ab700000, 0x00000000ab800000, 0x00000000ab800000|100%| E|CS|TAMS 0x00000000ab700000| PB 0x00000000ab700000| Complete |  0
| 672|0x00000000ab800000, 0x00000000ab900000, 0x00000000ab900000|100%| E|CS|TAMS 0x00000000ab800000| PB 0x00000000ab800000| Complete |  0
| 673|0x00000000ab900000, 0x00000000aba00000, 0x00000000aba00000|100%| E|CS|TAMS 0x00000000ab900000| PB 0x00000000ab900000| Complete |  0
| 674|0x00000000aba00000, 0x00000000abb00000, 0x00000000abb00000|100%| E|CS|TAMS 0x00000000aba00000| PB 0x00000000aba00000| Complete |  0
| 675|0x00000000abb00000, 0x00000000abc00000, 0x00000000abc00000|100%| E|CS|TAMS 0x00000000abb00000| PB 0x00000000abb00000| Complete |  0
| 676|0x00000000abc00000, 0x00000000abd00000, 0x00000000abd00000|100%| E|CS|TAMS 0x00000000abc00000| PB 0x00000000abc00000| Complete |  0
| 677|0x00000000abd00000, 0x00000000abe00000, 0x00000000abe00000|100%| E|CS|TAMS 0x00000000abd00000| PB 0x00000000abd00000| Complete |  0
| 678|0x00000000abe00000, 0x00000000abf00000, 0x00000000abf00000|100%| E|CS|TAMS 0x00000000abe00000| PB 0x00000000abe00000| Complete |  0
| 679|0x00000000abf00000, 0x00000000ac000000, 0x00000000ac000000|100%| E|CS|TAMS 0x00000000abf00000| PB 0x00000000abf00000| Complete |  0
| 680|0x00000000ac000000, 0x00000000ac100000, 0x00000000ac100000|100%| E|CS|TAMS 0x00000000ac000000| PB 0x00000000ac000000| Complete |  0
| 681|0x00000000ac100000, 0x00000000ac200000, 0x00000000ac200000|100%| E|CS|TAMS 0x00000000ac100000| PB 0x00000000ac100000| Complete |  0
| 682|0x00000000ac200000, 0x00000000ac300000, 0x00000000ac300000|100%| E|CS|TAMS 0x00000000ac200000| PB 0x00000000ac200000| Complete |  0
| 683|0x00000000ac300000, 0x00000000ac400000, 0x00000000ac400000|100%| E|CS|TAMS 0x00000000ac300000| PB 0x00000000ac300000| Complete |  0
| 684|0x00000000ac400000, 0x00000000ac500000, 0x00000000ac500000|100%| E|CS|TAMS 0x00000000ac400000| PB 0x00000000ac400000| Complete |  0
| 685|0x00000000ac500000, 0x00000000ac600000, 0x00000000ac600000|100%| E|CS|TAMS 0x00000000ac500000| PB 0x00000000ac500000| Complete |  0
| 686|0x00000000ac600000, 0x00000000ac700000, 0x00000000ac700000|100%| E|CS|TAMS 0x00000000ac600000| PB 0x00000000ac600000| Complete |  0
| 687|0x00000000ac700000, 0x00000000ac800000, 0x00000000ac800000|100%| E|CS|TAMS 0x00000000ac700000| PB 0x00000000ac700000| Complete |  0
| 688|0x00000000ac800000, 0x00000000ac900000, 0x00000000ac900000|100%| E|CS|TAMS 0x00000000ac800000| PB 0x00000000ac800000| Complete |  0
| 689|0x00000000ac900000, 0x00000000aca00000, 0x00000000aca00000|100%| E|CS|TAMS 0x00000000ac900000| PB 0x00000000ac900000| Complete |  0
| 690|0x00000000aca00000, 0x00000000acb00000, 0x00000000acb00000|100%| E|CS|TAMS 0x00000000aca00000| PB 0x00000000aca00000| Complete |  0
| 691|0x00000000acb00000, 0x00000000acc00000, 0x00000000acc00000|100%| E|CS|TAMS 0x00000000acb00000| PB 0x00000000acb00000| Complete |  0
| 692|0x00000000acc00000, 0x00000000acd00000, 0x00000000acd00000|100%| E|CS|TAMS 0x00000000acc00000| PB 0x00000000acc00000| Complete |  0
| 693|0x00000000acd00000, 0x00000000ace00000, 0x00000000ace00000|100%| E|CS|TAMS 0x00000000acd00000| PB 0x00000000acd00000| Complete |  0
| 694|0x00000000ace00000, 0x00000000acf00000, 0x00000000acf00000|100%| E|CS|TAMS 0x00000000ace00000| PB 0x00000000ace00000| Complete |  0
| 695|0x00000000acf00000, 0x00000000ad000000, 0x00000000ad000000|100%| E|CS|TAMS 0x00000000acf00000| PB 0x00000000acf00000| Complete |  0
| 696|0x00000000ad000000, 0x00000000ad100000, 0x00000000ad100000|100%| E|CS|TAMS 0x00000000ad000000| PB 0x00000000ad000000| Complete |  0
| 697|0x00000000ad100000, 0x00000000ad200000, 0x00000000ad200000|100%| E|CS|TAMS 0x00000000ad100000| PB 0x00000000ad100000| Complete |  0
| 698|0x00000000ad200000, 0x00000000ad300000, 0x00000000ad300000|100%| E|CS|TAMS 0x00000000ad200000| PB 0x00000000ad200000| Complete |  0
| 699|0x00000000ad300000, 0x00000000ad400000, 0x00000000ad400000|100%| E|CS|TAMS 0x00000000ad300000| PB 0x00000000ad300000| Complete |  0
| 700|0x00000000ad400000, 0x00000000ad500000, 0x00000000ad500000|100%| E|CS|TAMS 0x00000000ad400000| PB 0x00000000ad400000| Complete |  0
| 701|0x00000000ad500000, 0x00000000ad600000, 0x00000000ad600000|100%| E|CS|TAMS 0x00000000ad500000| PB 0x00000000ad500000| Complete |  0
| 702|0x00000000ad600000, 0x00000000ad700000, 0x00000000ad700000|100%| E|CS|TAMS 0x00000000ad600000| PB 0x00000000ad600000| Complete |  0
| 703|0x00000000ad700000, 0x00000000ad800000, 0x00000000ad800000|100%| E|CS|TAMS 0x00000000ad700000| PB 0x00000000ad700000| Complete |  0
| 704|0x00000000ad800000, 0x00000000ad900000, 0x00000000ad900000|100%| E|CS|TAMS 0x00000000ad800000| PB 0x00000000ad800000| Complete |  0
| 705|0x00000000ad900000, 0x00000000ada00000, 0x00000000ada00000|100%| E|CS|TAMS 0x00000000ad900000| PB 0x00000000ad900000| Complete |  0
| 706|0x00000000ada00000, 0x00000000adb00000, 0x00000000adb00000|100%| E|CS|TAMS 0x00000000ada00000| PB 0x00000000ada00000| Complete |  0
| 707|0x00000000adb00000, 0x00000000adc00000, 0x00000000adc00000|100%| E|CS|TAMS 0x00000000adb00000| PB 0x00000000adb00000| Complete |  0
| 708|0x00000000adc00000, 0x00000000add00000, 0x00000000add00000|100%| E|CS|TAMS 0x00000000adc00000| PB 0x00000000adc00000| Complete |  0
| 709|0x00000000add00000, 0x00000000ade00000, 0x00000000ade00000|100%| E|CS|TAMS 0x00000000add00000| PB 0x00000000add00000| Complete |  0
| 710|0x00000000ade00000, 0x00000000adf00000, 0x00000000adf00000|100%| E|CS|TAMS 0x00000000ade00000| PB 0x00000000ade00000| Complete |  0
| 711|0x00000000adf00000, 0x00000000ae000000, 0x00000000ae000000|100%| E|CS|TAMS 0x00000000adf00000| PB 0x00000000adf00000| Complete |  0
| 712|0x00000000ae000000, 0x00000000ae100000, 0x00000000ae100000|100%| E|CS|TAMS 0x00000000ae000000| PB 0x00000000ae000000| Complete |  0
| 713|0x00000000ae100000, 0x00000000ae200000, 0x00000000ae200000|100%| E|CS|TAMS 0x00000000ae100000| PB 0x00000000ae100000| Complete |  0
| 714|0x00000000ae200000, 0x00000000ae300000, 0x00000000ae300000|100%| E|CS|TAMS 0x00000000ae200000| PB 0x00000000ae200000| Complete |  0
| 715|0x00000000ae300000, 0x00000000ae400000, 0x00000000ae400000|100%| E|CS|TAMS 0x00000000ae300000| PB 0x00000000ae300000| Complete |  0
| 716|0x00000000ae400000, 0x00000000ae500000, 0x00000000ae500000|100%| E|CS|TAMS 0x00000000ae400000| PB 0x00000000ae400000| Complete |  0
| 717|0x00000000ae500000, 0x00000000ae600000, 0x00000000ae600000|100%| E|CS|TAMS 0x00000000ae500000| PB 0x00000000ae500000| Complete |  0
| 718|0x00000000ae600000, 0x00000000ae700000, 0x00000000ae700000|100%| E|CS|TAMS 0x00000000ae600000| PB 0x00000000ae600000| Complete |  0
| 719|0x00000000ae700000, 0x00000000ae800000, 0x00000000ae800000|100%| E|CS|TAMS 0x00000000ae700000| PB 0x00000000ae700000| Complete |  0
| 720|0x00000000ae800000, 0x00000000ae900000, 0x00000000ae900000|100%| E|CS|TAMS 0x00000000ae800000| PB 0x00000000ae800000| Complete |  0
| 721|0x00000000ae900000, 0x00000000aea00000, 0x00000000aea00000|100%| E|CS|TAMS 0x00000000ae900000| PB 0x00000000ae900000| Complete |  0
| 722|0x00000000aea00000, 0x00000000aeb00000, 0x00000000aeb00000|100%| E|CS|TAMS 0x00000000aea00000| PB 0x00000000aea00000| Complete |  0
| 723|0x00000000aeb00000, 0x00000000aec00000, 0x00000000aec00000|100%| E|CS|TAMS 0x00000000aeb00000| PB 0x00000000aeb00000| Complete |  0
| 724|0x00000000aec00000, 0x00000000aed00000, 0x00000000aed00000|100%| E|CS|TAMS 0x00000000aec00000| PB 0x00000000aec00000| Complete |  0
| 725|0x00000000aed00000, 0x00000000aee00000, 0x00000000aee00000|100%| E|CS|TAMS 0x00000000aed00000| PB 0x00000000aed00000| Complete |  0
| 726|0x00000000aee00000, 0x00000000aef00000, 0x00000000aef00000|100%| E|CS|TAMS 0x00000000aee00000| PB 0x00000000aee00000| Complete |  0
| 727|0x00000000aef00000, 0x00000000af000000, 0x00000000af000000|100%| E|CS|TAMS 0x00000000aef00000| PB 0x00000000aef00000| Complete |  0
| 728|0x00000000af000000, 0x00000000af100000, 0x00000000af100000|100%| E|CS|TAMS 0x00000000af000000| PB 0x00000000af000000| Complete |  0
| 729|0x00000000af100000, 0x00000000af200000, 0x00000000af200000|100%| E|CS|TAMS 0x00000000af100000| PB 0x00000000af100000| Complete |  0
| 730|0x00000000af200000, 0x00000000af300000, 0x00000000af300000|100%| E|CS|TAMS 0x00000000af200000| PB 0x00000000af200000| Complete |  0
| 731|0x00000000af300000, 0x00000000af400000, 0x00000000af400000|100%| E|CS|TAMS 0x00000000af300000| PB 0x00000000af300000| Complete |  0
| 732|0x00000000af400000, 0x00000000af500000, 0x00000000af500000|100%| E|CS|TAMS 0x00000000af400000| PB 0x00000000af400000| Complete |  0
| 733|0x00000000af500000, 0x00000000af600000, 0x00000000af600000|100%| E|CS|TAMS 0x00000000af500000| PB 0x00000000af500000| Complete |  0
| 734|0x00000000af600000, 0x00000000af700000, 0x00000000af700000|100%| E|CS|TAMS 0x00000000af600000| PB 0x00000000af600000| Complete |  0
| 735|0x00000000af700000, 0x00000000af800000, 0x00000000af800000|100%| E|CS|TAMS 0x00000000af700000| PB 0x00000000af700000| Complete |  0
| 736|0x00000000af800000, 0x00000000af900000, 0x00000000af900000|100%| E|CS|TAMS 0x00000000af800000| PB 0x00000000af800000| Complete |  0
| 737|0x00000000af900000, 0x00000000afa00000, 0x00000000afa00000|100%| E|CS|TAMS 0x00000000af900000| PB 0x00000000af900000| Complete |  0
| 738|0x00000000afa00000, 0x00000000afb00000, 0x00000000afb00000|100%| E|CS|TAMS 0x00000000afa00000| PB 0x00000000afa00000| Complete |  0
| 739|0x00000000afb00000, 0x00000000afc00000, 0x00000000afc00000|100%| E|CS|TAMS 0x00000000afb00000| PB 0x00000000afb00000| Complete |  0
| 740|0x00000000afc00000, 0x00000000afd00000, 0x00000000afd00000|100%| E|CS|TAMS 0x00000000afc00000| PB 0x00000000afc00000| Complete |  0
| 741|0x00000000afd00000, 0x00000000afe00000, 0x00000000afe00000|100%| E|CS|TAMS 0x00000000afd00000| PB 0x00000000afd00000| Complete |  0
| 742|0x00000000afe00000, 0x00000000aff00000, 0x00000000aff00000|100%| E|CS|TAMS 0x00000000afe00000| PB 0x00000000afe00000| Complete |  0
| 743|0x00000000aff00000, 0x00000000b0000000, 0x00000000b0000000|100%| E|CS|TAMS 0x00000000aff00000| PB 0x00000000aff00000| Complete |  0
| 744|0x00000000b0000000, 0x00000000b0100000, 0x00000000b0100000|100%| E|CS|TAMS 0x00000000b0000000| PB 0x00000000b0000000| Complete |  0
| 745|0x00000000b0100000, 0x00000000b0200000, 0x00000000b0200000|100%| E|CS|TAMS 0x00000000b0100000| PB 0x00000000b0100000| Complete |  0
| 746|0x00000000b0200000, 0x00000000b0300000, 0x00000000b0300000|100%|HS|  |TAMS 0x00000000b0200000| PB 0x00000000b0200000| Complete |  0
| 747|0x00000000b0300000, 0x00000000b0400000, 0x00000000b0400000|100%|HC|  |TAMS 0x00000000b0300000| PB 0x00000000b0300000| Complete |  0
| 748|0x00000000b0400000, 0x00000000b0500000, 0x00000000b0500000|100%| E|CS|TAMS 0x00000000b0400000| PB 0x00000000b0400000| Complete |  0
| 749|0x00000000b0500000, 0x00000000b0600000, 0x00000000b0600000|100%| E|CS|TAMS 0x00000000b0500000| PB 0x00000000b0500000| Complete |  0
| 750|0x00000000b0600000, 0x00000000b0700000, 0x00000000b0700000|100%| E|CS|TAMS 0x00000000b0600000| PB 0x00000000b0600000| Complete |  0
| 751|0x00000000b0700000, 0x00000000b0800000, 0x00000000b0800000|100%| E|CS|TAMS 0x00000000b0700000| PB 0x00000000b0700000| Complete |  0
| 752|0x00000000b0800000, 0x00000000b0900000, 0x00000000b0900000|100%| E|CS|TAMS 0x00000000b0800000| PB 0x00000000b0800000| Complete |  0
| 753|0x00000000b0900000, 0x00000000b0a00000, 0x00000000b0a00000|100%| E|CS|TAMS 0x00000000b0900000| PB 0x00000000b0900000| Complete |  0
| 754|0x00000000b0a00000, 0x00000000b0b00000, 0x00000000b0b00000|100%| E|CS|TAMS 0x00000000b0a00000| PB 0x00000000b0a00000| Complete |  0
| 755|0x00000000b0b00000, 0x00000000b0c00000, 0x00000000b0c00000|100%| E|CS|TAMS 0x00000000b0b00000| PB 0x00000000b0b00000| Complete |  0
| 756|0x00000000b0c00000, 0x00000000b0d00000, 0x00000000b0d00000|100%| E|CS|TAMS 0x00000000b0c00000| PB 0x00000000b0c00000| Complete |  0
| 757|0x00000000b0d00000, 0x00000000b0e00000, 0x00000000b0e00000|100%| E|CS|TAMS 0x00000000b0d00000| PB 0x00000000b0d00000| Complete |  0
| 758|0x00000000b0e00000, 0x00000000b0f00000, 0x00000000b0f00000|100%| E|CS|TAMS 0x00000000b0e00000| PB 0x00000000b0e00000| Complete |  0
| 759|0x00000000b0f00000, 0x00000000b1000000, 0x00000000b1000000|100%| E|CS|TAMS 0x00000000b0f00000| PB 0x00000000b0f00000| Complete |  0
| 760|0x00000000b1000000, 0x00000000b1100000, 0x00000000b1100000|100%| E|CS|TAMS 0x00000000b1000000| PB 0x00000000b1000000| Complete |  0
| 761|0x00000000b1100000, 0x00000000b1200000, 0x00000000b1200000|100%| E|CS|TAMS 0x00000000b1100000| PB 0x00000000b1100000| Complete |  0
| 762|0x00000000b1200000, 0x00000000b1300000, 0x00000000b1300000|100%| E|CS|TAMS 0x00000000b1200000| PB 0x00000000b1200000| Complete |  0
| 763|0x00000000b1300000, 0x00000000b1400000, 0x00000000b1400000|100%| E|CS|TAMS 0x00000000b1300000| PB 0x00000000b1300000| Complete |  0
| 764|0x00000000b1400000, 0x00000000b1500000, 0x00000000b1500000|100%| E|CS|TAMS 0x00000000b1400000| PB 0x00000000b1400000| Complete |  0
| 765|0x00000000b1500000, 0x00000000b1600000, 0x00000000b1600000|100%| E|CS|TAMS 0x00000000b1500000| PB 0x00000000b1500000| Complete |  0
| 766|0x00000000b1600000, 0x00000000b1700000, 0x00000000b1700000|100%| E|CS|TAMS 0x00000000b1600000| PB 0x00000000b1600000| Complete |  0
| 767|0x00000000b1700000, 0x00000000b1800000, 0x00000000b1800000|100%| E|CS|TAMS 0x00000000b1700000| PB 0x00000000b1700000| Complete |  0
| 768|0x00000000b1800000, 0x00000000b1900000, 0x00000000b1900000|100%| E|CS|TAMS 0x00000000b1800000| PB 0x00000000b1800000| Complete |  0
| 769|0x00000000b1900000, 0x00000000b1a00000, 0x00000000b1a00000|100%| E|CS|TAMS 0x00000000b1900000| PB 0x00000000b1900000| Complete |  0
| 770|0x00000000b1a00000, 0x00000000b1b00000, 0x00000000b1b00000|100%| E|CS|TAMS 0x00000000b1a00000| PB 0x00000000b1a00000| Complete |  0
| 771|0x00000000b1b00000, 0x00000000b1c00000, 0x00000000b1c00000|100%| E|CS|TAMS 0x00000000b1b00000| PB 0x00000000b1b00000| Complete |  0
| 772|0x00000000b1c00000, 0x00000000b1d00000, 0x00000000b1d00000|100%| E|CS|TAMS 0x00000000b1c00000| PB 0x00000000b1c00000| Complete |  0
| 773|0x00000000b1d00000, 0x00000000b1e00000, 0x00000000b1e00000|100%| E|CS|TAMS 0x00000000b1d00000| PB 0x00000000b1d00000| Complete |  0
| 774|0x00000000b1e00000, 0x00000000b1f00000, 0x00000000b1f00000|100%| E|CS|TAMS 0x00000000b1e00000| PB 0x00000000b1e00000| Complete |  0
| 775|0x00000000b1f00000, 0x00000000b2000000, 0x00000000b2000000|100%| E|CS|TAMS 0x00000000b1f00000| PB 0x00000000b1f00000| Complete |  0
| 776|0x00000000b2000000, 0x00000000b2100000, 0x00000000b2100000|100%| E|CS|TAMS 0x00000000b2000000| PB 0x00000000b2000000| Complete |  0
| 777|0x00000000b2100000, 0x00000000b2200000, 0x00000000b2200000|100%| E|CS|TAMS 0x00000000b2100000| PB 0x00000000b2100000| Complete |  0
| 778|0x00000000b2200000, 0x00000000b2300000, 0x00000000b2300000|100%| E|CS|TAMS 0x00000000b2200000| PB 0x00000000b2200000| Complete |  0
| 779|0x00000000b2300000, 0x00000000b2400000, 0x00000000b2400000|100%| E|CS|TAMS 0x00000000b2300000| PB 0x00000000b2300000| Complete |  0
| 780|0x00000000b2400000, 0x00000000b2500000, 0x00000000b2500000|100%| E|CS|TAMS 0x00000000b2400000| PB 0x00000000b2400000| Complete |  0
| 781|0x00000000b2500000, 0x00000000b2600000, 0x00000000b2600000|100%| E|CS|TAMS 0x00000000b2500000| PB 0x00000000b2500000| Complete |  0
| 782|0x00000000b2600000, 0x00000000b2700000, 0x00000000b2700000|100%| E|CS|TAMS 0x00000000b2600000| PB 0x00000000b2600000| Complete |  0
| 783|0x00000000b2700000, 0x00000000b2800000, 0x00000000b2800000|100%| E|CS|TAMS 0x00000000b2700000| PB 0x00000000b2700000| Complete |  0
| 784|0x00000000b2800000, 0x00000000b2900000, 0x00000000b2900000|100%| E|CS|TAMS 0x00000000b2800000| PB 0x00000000b2800000| Complete |  0
| 785|0x00000000b2900000, 0x00000000b2a00000, 0x00000000b2a00000|100%| E|CS|TAMS 0x00000000b2900000| PB 0x00000000b2900000| Complete |  0
| 786|0x00000000b2a00000, 0x00000000b2b00000, 0x00000000b2b00000|100%| E|CS|TAMS 0x00000000b2a00000| PB 0x00000000b2a00000| Complete |  0
| 787|0x00000000b2b00000, 0x00000000b2c00000, 0x00000000b2c00000|100%| E|CS|TAMS 0x00000000b2b00000| PB 0x00000000b2b00000| Complete |  0
| 788|0x00000000b2c00000, 0x00000000b2d00000, 0x00000000b2d00000|100%| E|CS|TAMS 0x00000000b2c00000| PB 0x00000000b2c00000| Complete |  0
| 789|0x00000000b2d00000, 0x00000000b2e00000, 0x00000000b2e00000|100%| E|CS|TAMS 0x00000000b2d00000| PB 0x00000000b2d00000| Complete |  0
| 790|0x00000000b2e00000, 0x00000000b2f00000, 0x00000000b2f00000|100%| E|CS|TAMS 0x00000000b2e00000| PB 0x00000000b2e00000| Complete |  0
| 791|0x00000000b2f00000, 0x00000000b3000000, 0x00000000b3000000|100%| E|CS|TAMS 0x00000000b2f00000| PB 0x00000000b2f00000| Complete |  0
| 792|0x00000000b3000000, 0x00000000b3100000, 0x00000000b3100000|100%| E|CS|TAMS 0x00000000b3000000| PB 0x00000000b3000000| Complete |  0
| 793|0x00000000b3100000, 0x00000000b3200000, 0x00000000b3200000|100%| E|CS|TAMS 0x00000000b3100000| PB 0x00000000b3100000| Complete |  0
| 794|0x00000000b3200000, 0x00000000b3300000, 0x00000000b3300000|100%| E|CS|TAMS 0x00000000b3200000| PB 0x00000000b3200000| Complete |  0
| 795|0x00000000b3300000, 0x00000000b3400000, 0x00000000b3400000|100%| E|CS|TAMS 0x00000000b3300000| PB 0x00000000b3300000| Complete |  0
| 796|0x00000000b3400000, 0x00000000b3500000, 0x00000000b3500000|100%| E|CS|TAMS 0x00000000b3400000| PB 0x00000000b3400000| Complete |  0
| 797|0x00000000b3500000, 0x00000000b3600000, 0x00000000b3600000|100%| E|CS|TAMS 0x00000000b3500000| PB 0x00000000b3500000| Complete |  0
| 798|0x00000000b3600000, 0x00000000b3700000, 0x00000000b3700000|100%| E|CS|TAMS 0x00000000b3600000| PB 0x00000000b3600000| Complete |  0
| 799|0x00000000b3700000, 0x00000000b3800000, 0x00000000b3800000|100%| E|CS|TAMS 0x00000000b3700000| PB 0x00000000b3700000| Complete |  0
| 800|0x00000000b3800000, 0x00000000b3900000, 0x00000000b3900000|100%| E|CS|TAMS 0x00000000b3800000| PB 0x00000000b3800000| Complete |  0
| 801|0x00000000b3900000, 0x00000000b3a00000, 0x00000000b3a00000|100%| E|CS|TAMS 0x00000000b3900000| PB 0x00000000b3900000| Complete |  0
| 802|0x00000000b3a00000, 0x00000000b3b00000, 0x00000000b3b00000|100%| E|CS|TAMS 0x00000000b3a00000| PB 0x00000000b3a00000| Complete |  0
| 803|0x00000000b3b00000, 0x00000000b3c00000, 0x00000000b3c00000|100%| E|CS|TAMS 0x00000000b3b00000| PB 0x00000000b3b00000| Complete |  0
| 804|0x00000000b3c00000, 0x00000000b3d00000, 0x00000000b3d00000|100%| E|CS|TAMS 0x00000000b3c00000| PB 0x00000000b3c00000| Complete |  0
| 805|0x00000000b3d00000, 0x00000000b3e00000, 0x00000000b3e00000|100%| E|CS|TAMS 0x00000000b3d00000| PB 0x00000000b3d00000| Complete |  0
| 806|0x00000000b3e00000, 0x00000000b3f00000, 0x00000000b3f00000|100%| E|CS|TAMS 0x00000000b3e00000| PB 0x00000000b3e00000| Complete |  0
| 807|0x00000000b3f00000, 0x00000000b4000000, 0x00000000b4000000|100%| E|CS|TAMS 0x00000000b3f00000| PB 0x00000000b3f00000| Complete |  0
| 808|0x00000000b4000000, 0x00000000b4100000, 0x00000000b4100000|100%| E|CS|TAMS 0x00000000b4000000| PB 0x00000000b4000000| Complete |  0
| 809|0x00000000b4100000, 0x00000000b4200000, 0x00000000b4200000|100%| E|CS|TAMS 0x00000000b4100000| PB 0x00000000b4100000| Complete |  0
| 810|0x00000000b4200000, 0x00000000b4300000, 0x00000000b4300000|100%| E|CS|TAMS 0x00000000b4200000| PB 0x00000000b4200000| Complete |  0
| 811|0x00000000b4300000, 0x00000000b4400000, 0x00000000b4400000|100%| E|CS|TAMS 0x00000000b4300000| PB 0x00000000b4300000| Complete |  0
| 812|0x00000000b4400000, 0x00000000b4500000, 0x00000000b4500000|100%| E|CS|TAMS 0x00000000b4400000| PB 0x00000000b4400000| Complete |  0
| 813|0x00000000b4500000, 0x00000000b4600000, 0x00000000b4600000|100%| E|CS|TAMS 0x00000000b4500000| PB 0x00000000b4500000| Complete |  0
| 814|0x00000000b4600000, 0x00000000b4700000, 0x00000000b4700000|100%| E|CS|TAMS 0x00000000b4600000| PB 0x00000000b4600000| Complete |  0
| 815|0x00000000b4700000, 0x00000000b4800000, 0x00000000b4800000|100%| E|CS|TAMS 0x00000000b4700000| PB 0x00000000b4700000| Complete |  0
| 816|0x00000000b4800000, 0x00000000b4900000, 0x00000000b4900000|100%| E|CS|TAMS 0x00000000b4800000| PB 0x00000000b4800000| Complete |  0
| 817|0x00000000b4900000, 0x00000000b4a00000, 0x00000000b4a00000|100%| E|CS|TAMS 0x00000000b4900000| PB 0x00000000b4900000| Complete |  0
| 818|0x00000000b4a00000, 0x00000000b4b00000, 0x00000000b4b00000|100%| E|CS|TAMS 0x00000000b4a00000| PB 0x00000000b4a00000| Complete |  0
| 819|0x00000000b4b00000, 0x00000000b4c00000, 0x00000000b4c00000|100%| E|CS|TAMS 0x00000000b4b00000| PB 0x00000000b4b00000| Complete |  0
| 820|0x00000000b4c00000, 0x00000000b4d00000, 0x00000000b4d00000|100%| E|CS|TAMS 0x00000000b4c00000| PB 0x00000000b4c00000| Complete |  0
| 821|0x00000000b4d00000, 0x00000000b4e00000, 0x00000000b4e00000|100%| E|CS|TAMS 0x00000000b4d00000| PB 0x00000000b4d00000| Complete |  0
| 822|0x00000000b4e00000, 0x00000000b4f00000, 0x00000000b4f00000|100%| E|CS|TAMS 0x00000000b4e00000| PB 0x00000000b4e00000| Complete |  0
| 823|0x00000000b4f00000, 0x00000000b5000000, 0x00000000b5000000|100%| E|CS|TAMS 0x00000000b4f00000| PB 0x00000000b4f00000| Complete |  0
| 824|0x00000000b5000000, 0x00000000b5100000, 0x00000000b5100000|100%| E|CS|TAMS 0x00000000b5000000| PB 0x00000000b5000000| Complete |  0
| 825|0x00000000b5100000, 0x00000000b5200000, 0x00000000b5200000|100%| E|CS|TAMS 0x00000000b5100000| PB 0x00000000b5100000| Complete |  0
| 826|0x00000000b5200000, 0x00000000b5300000, 0x00000000b5300000|100%| E|CS|TAMS 0x00000000b5200000| PB 0x00000000b5200000| Complete |  0
| 827|0x00000000b5300000, 0x00000000b5400000, 0x00000000b5400000|100%| E|CS|TAMS 0x00000000b5300000| PB 0x00000000b5300000| Complete |  0
| 828|0x00000000b5400000, 0x00000000b5500000, 0x00000000b5500000|100%| E|CS|TAMS 0x00000000b5400000| PB 0x00000000b5400000| Complete |  0
| 829|0x00000000b5500000, 0x00000000b5600000, 0x00000000b5600000|100%| E|CS|TAMS 0x00000000b5500000| PB 0x00000000b5500000| Complete |  0
| 830|0x00000000b5600000, 0x00000000b5700000, 0x00000000b5700000|100%| E|CS|TAMS 0x00000000b5600000| PB 0x00000000b5600000| Complete |  0
| 831|0x00000000b5700000, 0x00000000b5800000, 0x00000000b5800000|100%| E|CS|TAMS 0x00000000b5700000| PB 0x00000000b5700000| Complete |  0
| 832|0x00000000b5800000, 0x00000000b5900000, 0x00000000b5900000|100%| E|CS|TAMS 0x00000000b5800000| PB 0x00000000b5800000| Complete |  0
| 833|0x00000000b5900000, 0x00000000b5a00000, 0x00000000b5a00000|100%| E|CS|TAMS 0x00000000b5900000| PB 0x00000000b5900000| Complete |  0
| 834|0x00000000b5a00000, 0x00000000b5b00000, 0x00000000b5b00000|100%| E|CS|TAMS 0x00000000b5a00000| PB 0x00000000b5a00000| Complete |  0
| 835|0x00000000b5b00000, 0x00000000b5c00000, 0x00000000b5c00000|100%| E|CS|TAMS 0x00000000b5b00000| PB 0x00000000b5b00000| Complete |  0
| 836|0x00000000b5c00000, 0x00000000b5d00000, 0x00000000b5d00000|100%| E|CS|TAMS 0x00000000b5c00000| PB 0x00000000b5c00000| Complete |  0
| 837|0x00000000b5d00000, 0x00000000b5e00000, 0x00000000b5e00000|100%| E|CS|TAMS 0x00000000b5d00000| PB 0x00000000b5d00000| Complete |  0
| 838|0x00000000b5e00000, 0x00000000b5f00000, 0x00000000b5f00000|100%| E|CS|TAMS 0x00000000b5e00000| PB 0x00000000b5e00000| Complete |  0
| 839|0x00000000b5f00000, 0x00000000b6000000, 0x00000000b6000000|100%| E|CS|TAMS 0x00000000b5f00000| PB 0x00000000b5f00000| Complete |  0
| 840|0x00000000b6000000, 0x00000000b6100000, 0x00000000b6100000|100%| E|CS|TAMS 0x00000000b6000000| PB 0x00000000b6000000| Complete |  0
| 841|0x00000000b6100000, 0x00000000b6200000, 0x00000000b6200000|100%| E|CS|TAMS 0x00000000b6100000| PB 0x00000000b6100000| Complete |  0
| 842|0x00000000b6200000, 0x00000000b6300000, 0x00000000b6300000|100%| E|CS|TAMS 0x00000000b6200000| PB 0x00000000b6200000| Complete |  0
| 843|0x00000000b6300000, 0x00000000b6400000, 0x00000000b6400000|100%| E|CS|TAMS 0x00000000b6300000| PB 0x00000000b6300000| Complete |  0
| 844|0x00000000b6400000, 0x00000000b6500000, 0x00000000b6500000|100%| E|CS|TAMS 0x00000000b6400000| PB 0x00000000b6400000| Complete |  0
| 845|0x00000000b6500000, 0x00000000b6600000, 0x00000000b6600000|100%| E|CS|TAMS 0x00000000b6500000| PB 0x00000000b6500000| Complete |  0
| 846|0x00000000b6600000, 0x00000000b6700000, 0x00000000b6700000|100%| E|CS|TAMS 0x00000000b6600000| PB 0x00000000b6600000| Complete |  0
| 847|0x00000000b6700000, 0x00000000b6800000, 0x00000000b6800000|100%| E|CS|TAMS 0x00000000b6700000| PB 0x00000000b6700000| Complete |  0
| 848|0x00000000b6800000, 0x00000000b6900000, 0x00000000b6900000|100%| E|CS|TAMS 0x00000000b6800000| PB 0x00000000b6800000| Complete |  0
| 849|0x00000000b6900000, 0x00000000b6a00000, 0x00000000b6a00000|100%|HS|  |TAMS 0x00000000b6900000| PB 0x00000000b6900000| Complete |  0
| 850|0x00000000b6a00000, 0x00000000b6b00000, 0x00000000b6b00000|100%|HC|  |TAMS 0x00000000b6a00000| PB 0x00000000b6a00000| Complete |  0
| 851|0x00000000b6b00000, 0x00000000b6c00000, 0x00000000b6c00000|100%|HC|  |TAMS 0x00000000b6b00000| PB 0x00000000b6b00000| Complete |  0
| 852|0x00000000b6c00000, 0x00000000b6d00000, 0x00000000b6d00000|100%|HC|  |TAMS 0x00000000b6c00000| PB 0x00000000b6c00000| Complete |  0
| 853|0x00000000b6d00000, 0x00000000b6e00000, 0x00000000b6e00000|100%|HC|  |TAMS 0x00000000b6d00000| PB 0x00000000b6d00000| Complete |  0
| 854|0x00000000b6e00000, 0x00000000b6f00000, 0x00000000b6f00000|100%|HC|  |TAMS 0x00000000b6e00000| PB 0x00000000b6e00000| Complete |  0
| 855|0x00000000b6f00000, 0x00000000b7000000, 0x00000000b7000000|100%|HC|  |TAMS 0x00000000b6f00000| PB 0x00000000b6f00000| Complete |  0
| 856|0x00000000b7000000, 0x00000000b7100000, 0x00000000b7100000|100%|HC|  |TAMS 0x00000000b7000000| PB 0x00000000b7000000| Complete |  0
| 857|0x00000000b7100000, 0x00000000b7200000, 0x00000000b7200000|100%|HC|  |TAMS 0x00000000b7100000| PB 0x00000000b7100000| Complete |  0
| 858|0x00000000b7200000, 0x00000000b7300000, 0x00000000b7300000|100%|HC|  |TAMS 0x00000000b7200000| PB 0x00000000b7200000| Complete |  0
| 859|0x00000000b7300000, 0x00000000b7400000, 0x00000000b7400000|100%|HC|  |TAMS 0x00000000b7300000| PB 0x00000000b7300000| Complete |  0
| 860|0x00000000b7400000, 0x00000000b7500000, 0x00000000b7500000|100%|HC|  |TAMS 0x00000000b7400000| PB 0x00000000b7400000| Complete |  0
| 861|0x00000000b7500000, 0x00000000b7600000, 0x00000000b7600000|100%|HC|  |TAMS 0x00000000b7500000| PB 0x00000000b7500000| Complete |  0
| 862|0x00000000b7600000, 0x00000000b7700000, 0x00000000b7700000|100%|HC|  |TAMS 0x00000000b7600000| PB 0x00000000b7600000| Complete |  0
| 863|0x00000000b7700000, 0x00000000b7800000, 0x00000000b7800000|100%|HC|  |TAMS 0x00000000b7700000| PB 0x00000000b7700000| Complete |  0
| 864|0x00000000b7800000, 0x00000000b7900000, 0x00000000b7900000|100%|HC|  |TAMS 0x00000000b7800000| PB 0x00000000b7800000| Complete |  0
| 865|0x00000000b7900000, 0x00000000b7a00000, 0x00000000b7a00000|100%|HC|  |TAMS 0x00000000b7900000| PB 0x00000000b7900000| Complete |  0
| 866|0x00000000b7a00000, 0x00000000b7b00000, 0x00000000b7b00000|100%|HC|  |TAMS 0x00000000b7a00000| PB 0x00000000b7a00000| Complete |  0
| 867|0x00000000b7b00000, 0x00000000b7c00000, 0x00000000b7c00000|100%|HC|  |TAMS 0x00000000b7b00000| PB 0x00000000b7b00000| Complete |  0
| 868|0x00000000b7c00000, 0x00000000b7d00000, 0x00000000b7d00000|100%|HC|  |TAMS 0x00000000b7c00000| PB 0x00000000b7c00000| Complete |  0
| 869|0x00000000b7d00000, 0x00000000b7e00000, 0x00000000b7e00000|100%|HC|  |TAMS 0x00000000b7d00000| PB 0x00000000b7d00000| Complete |  0
| 870|0x00000000b7e00000, 0x00000000b7f00000, 0x00000000b7f00000|100%|HC|  |TAMS 0x00000000b7e00000| PB 0x00000000b7e00000| Complete |  0
| 871|0x00000000b7f00000, 0x00000000b8000000, 0x00000000b8000000|100%|HC|  |TAMS 0x00000000b7f00000| PB 0x00000000b7f00000| Complete |  0
| 872|0x00000000b8000000, 0x00000000b8100000, 0x00000000b8100000|100%|HC|  |TAMS 0x00000000b8000000| PB 0x00000000b8000000| Complete |  0
| 873|0x00000000b8100000, 0x00000000b8200000, 0x00000000b8200000|100%|HC|  |TAMS 0x00000000b8100000| PB 0x00000000b8100000| Complete |  0
| 874|0x00000000b8200000, 0x00000000b8300000, 0x00000000b8300000|100%|HC|  |TAMS 0x00000000b8200000| PB 0x00000000b8200000| Complete |  0
| 875|0x00000000b8300000, 0x00000000b8400000, 0x00000000b8400000|100%|HC|  |TAMS 0x00000000b8300000| PB 0x00000000b8300000| Complete |  0
| 876|0x00000000b8400000, 0x00000000b8500000, 0x00000000b8500000|100%|HC|  |TAMS 0x00000000b8400000| PB 0x00000000b8400000| Complete |  0
| 877|0x00000000b8500000, 0x00000000b8600000, 0x00000000b8600000|100%|HC|  |TAMS 0x00000000b8500000| PB 0x00000000b8500000| Complete |  0
| 878|0x00000000b8600000, 0x00000000b8700000, 0x00000000b8700000|100%|HC|  |TAMS 0x00000000b8600000| PB 0x00000000b8600000| Complete |  0
| 879|0x00000000b8700000, 0x00000000b8800000, 0x00000000b8800000|100%|HC|  |TAMS 0x00000000b8700000| PB 0x00000000b8700000| Complete |  0
| 880|0x00000000b8800000, 0x00000000b8900000, 0x00000000b8900000|100%|HC|  |TAMS 0x00000000b8800000| PB 0x00000000b8800000| Complete |  0
| 881|0x00000000b8900000, 0x00000000b8a00000, 0x00000000b8a00000|100%|HC|  |TAMS 0x00000000b8900000| PB 0x00000000b8900000| Complete |  0
| 882|0x00000000b8a00000, 0x00000000b8b00000, 0x00000000b8b00000|100%|HC|  |TAMS 0x00000000b8a00000| PB 0x00000000b8a00000| Complete |  0
| 883|0x00000000b8b00000, 0x00000000b8c00000, 0x00000000b8c00000|100%|HC|  |TAMS 0x00000000b8b00000| PB 0x00000000b8b00000| Complete |  0
| 884|0x00000000b8c00000, 0x00000000b8d00000, 0x00000000b8d00000|100%|HC|  |TAMS 0x00000000b8c00000| PB 0x00000000b8c00000| Complete |  0
| 885|0x00000000b8d00000, 0x00000000b8e00000, 0x00000000b8e00000|100%|HC|  |TAMS 0x00000000b8d00000| PB 0x00000000b8d00000| Complete |  0
| 886|0x00000000b8e00000, 0x00000000b8f00000, 0x00000000b8f00000|100%|HC|  |TAMS 0x00000000b8e00000| PB 0x00000000b8e00000| Complete |  0
| 887|0x00000000b8f00000, 0x00000000b9000000, 0x00000000b9000000|100%|HC|  |TAMS 0x00000000b8f00000| PB 0x00000000b8f00000| Complete |  0
| 888|0x00000000b9000000, 0x00000000b9100000, 0x00000000b9100000|100%|HC|  |TAMS 0x00000000b9000000| PB 0x00000000b9000000| Complete |  0
| 889|0x00000000b9100000, 0x00000000b9200000, 0x00000000b9200000|100%|HC|  |TAMS 0x00000000b9100000| PB 0x00000000b9100000| Complete |  0
| 890|0x00000000b9200000, 0x00000000b9300000, 0x00000000b9300000|100%|HC|  |TAMS 0x00000000b9200000| PB 0x00000000b9200000| Complete |  0
| 891|0x00000000b9300000, 0x00000000b9400000, 0x00000000b9400000|100%|HC|  |TAMS 0x00000000b9300000| PB 0x00000000b9300000| Complete |  0
| 892|0x00000000b9400000, 0x00000000b9500000, 0x00000000b9500000|100%|HC|  |TAMS 0x00000000b9400000| PB 0x00000000b9400000| Complete |  0
| 893|0x00000000b9500000, 0x00000000b9600000, 0x00000000b9600000|100%|HC|  |TAMS 0x00000000b9500000| PB 0x00000000b9500000| Complete |  0
| 894|0x00000000b9600000, 0x00000000b9700000, 0x00000000b9700000|100%|HC|  |TAMS 0x00000000b9600000| PB 0x00000000b9600000| Complete |  0
| 895|0x00000000b9700000, 0x00000000b9800000, 0x00000000b9800000|100%|HC|  |TAMS 0x00000000b9700000| PB 0x00000000b9700000| Complete |  0
| 896|0x00000000b9800000, 0x00000000b9800000, 0x00000000b9900000|  0%| F|  |TAMS 0x00000000b9800000| PB 0x00000000b9800000| Untracked |  0
| 897|0x00000000b9900000, 0x00000000b9900000, 0x00000000b9a00000|  0%| F|  |TAMS 0x00000000b9900000| PB 0x00000000b9900000| Untracked |  0
| 898|0x00000000b9a00000, 0x00000000b9a00000, 0x00000000b9b00000|  0%| F|  |TAMS 0x00000000b9a00000| PB 0x00000000b9a00000| Untracked |  0
| 899|0x00000000b9b00000, 0x00000000b9b00000, 0x00000000b9c00000|  0%| F|  |TAMS 0x00000000b9b00000| PB 0x00000000b9b00000| Untracked |  0
| 900|0x00000000b9c00000, 0x00000000b9c00000, 0x00000000b9d00000|  0%| F|  |TAMS 0x00000000b9c00000| PB 0x00000000b9c00000| Untracked |  0
| 901|0x00000000b9d00000, 0x00000000b9d00000, 0x00000000b9e00000|  0%| F|  |TAMS 0x00000000b9d00000| PB 0x00000000b9d00000| Untracked |  0
| 902|0x00000000b9e00000, 0x00000000b9e00000, 0x00000000b9f00000|  0%| F|  |TAMS 0x00000000b9e00000| PB 0x00000000b9e00000| Untracked |  0
| 903|0x00000000b9f00000, 0x00000000b9f00000, 0x00000000ba000000|  0%| F|  |TAMS 0x00000000b9f00000| PB 0x00000000b9f00000| Untracked |  0
| 904|0x00000000ba000000, 0x00000000ba000000, 0x00000000ba100000|  0%| F|  |TAMS 0x00000000ba000000| PB 0x00000000ba000000| Untracked |  0
| 905|0x00000000ba100000, 0x00000000ba100000, 0x00000000ba200000|  0%| F|  |TAMS 0x00000000ba100000| PB 0x00000000ba100000| Untracked |  0
| 906|0x00000000ba200000, 0x00000000ba200000, 0x00000000ba300000|  0%| F|  |TAMS 0x00000000ba200000| PB 0x00000000ba200000| Untracked |  0
| 907|0x00000000ba300000, 0x00000000ba300000, 0x00000000ba400000|  0%| F|  |TAMS 0x00000000ba300000| PB 0x00000000ba300000| Untracked |  0
| 908|0x00000000ba400000, 0x00000000ba400000, 0x00000000ba500000|  0%| F|  |TAMS 0x00000000ba400000| PB 0x00000000ba400000| Untracked |  0
| 909|0x00000000ba500000, 0x00000000ba500000, 0x00000000ba600000|  0%| F|  |TAMS 0x00000000ba500000| PB 0x00000000ba500000| Untracked |  0
| 910|0x00000000ba600000, 0x00000000ba600000, 0x00000000ba700000|  0%| F|  |TAMS 0x00000000ba600000| PB 0x00000000ba600000| Untracked |  0
| 911|0x00000000ba700000, 0x00000000ba700000, 0x00000000ba800000|  0%| F|  |TAMS 0x00000000ba700000| PB 0x00000000ba700000| Untracked |  0
| 912|0x00000000ba800000, 0x00000000ba800000, 0x00000000ba900000|  0%| F|  |TAMS 0x00000000ba800000| PB 0x00000000ba800000| Untracked |  0
| 913|0x00000000ba900000, 0x00000000ba900000, 0x00000000baa00000|  0%| F|  |TAMS 0x00000000ba900000| PB 0x00000000ba900000| Untracked |  0
| 914|0x00000000baa00000, 0x00000000baa00000, 0x00000000bab00000|  0%| F|  |TAMS 0x00000000baa00000| PB 0x00000000baa00000| Untracked |  0
| 915|0x00000000bab00000, 0x00000000bab00000, 0x00000000bac00000|  0%| F|  |TAMS 0x00000000bab00000| PB 0x00000000bab00000| Untracked |  0
| 916|0x00000000bac00000, 0x00000000bac00000, 0x00000000bad00000|  0%| F|  |TAMS 0x00000000bac00000| PB 0x00000000bac00000| Untracked |  0
| 917|0x00000000bad00000, 0x00000000bad00000, 0x00000000bae00000|  0%| F|  |TAMS 0x00000000bad00000| PB 0x00000000bad00000| Untracked |  0
| 918|0x00000000bae00000, 0x00000000bae00000, 0x00000000baf00000|  0%| F|  |TAMS 0x00000000bae00000| PB 0x00000000bae00000| Untracked |  0
| 919|0x00000000baf00000, 0x00000000baf00000, 0x00000000bb000000|  0%| F|  |TAMS 0x00000000baf00000| PB 0x00000000baf00000| Untracked |  0
| 920|0x00000000bb000000, 0x00000000bb000000, 0x00000000bb100000|  0%| F|  |TAMS 0x00000000bb000000| PB 0x00000000bb000000| Untracked |  0
| 921|0x00000000bb100000, 0x00000000bb100000, 0x00000000bb200000|  0%| F|  |TAMS 0x00000000bb100000| PB 0x00000000bb100000| Untracked |  0
| 922|0x00000000bb200000, 0x00000000bb200000, 0x00000000bb300000|  0%| F|  |TAMS 0x00000000bb200000| PB 0x00000000bb200000| Untracked |  0
| 949|0x00000000bcd00000, 0x00000000bcded680, 0x00000000bce00000| 92%| S|CS|TAMS 0x00000000bcd00000| PB 0x00000000bcd00000| Complete |  0
| 950|0x00000000bce00000, 0x00000000bcf00000, 0x00000000bcf00000|100%| S|CS|TAMS 0x00000000bce00000| PB 0x00000000bce00000| Complete |  0
| 951|0x00000000bcf00000, 0x00000000bd000000, 0x00000000bd000000|100%| S|CS|TAMS 0x00000000bcf00000| PB 0x00000000bcf00000| Complete |  0
| 954|0x00000000bd200000, 0x00000000bd300000, 0x00000000bd300000|100%|HS|  |TAMS 0x00000000bd200000| PB 0x00000000bd200000| Complete |  0
| 955|0x00000000bd300000, 0x00000000bd400000, 0x00000000bd400000|100%|HC|  |TAMS 0x00000000bd300000| PB 0x00000000bd300000| Complete |  0
| 956|0x00000000bd400000, 0x00000000bd500000, 0x00000000bd500000|100%|HC|  |TAMS 0x00000000bd400000| PB 0x00000000bd400000| Complete |  0
| 957|0x00000000bd500000, 0x00000000bd600000, 0x00000000bd600000|100%|HC|  |TAMS 0x00000000bd500000| PB 0x00000000bd500000| Complete |  0
| 958|0x00000000bd600000, 0x00000000bd700000, 0x00000000bd700000|100%|HC|  |TAMS 0x00000000bd600000| PB 0x00000000bd600000| Complete |  0
| 959|0x00000000bd700000, 0x00000000bd800000, 0x00000000bd800000|100%|HC|  |TAMS 0x00000000bd700000| PB 0x00000000bd700000| Complete |  0
| 960|0x00000000bd800000, 0x00000000bd900000, 0x00000000bd900000|100%|HC|  |TAMS 0x00000000bd800000| PB 0x00000000bd800000| Complete |  0
| 961|0x00000000bd900000, 0x00000000bda00000, 0x00000000bda00000|100%|HC|  |TAMS 0x00000000bd900000| PB 0x00000000bd900000| Complete |  0
| 962|0x00000000bda00000, 0x00000000bdb00000, 0x00000000bdb00000|100%|HC|  |TAMS 0x00000000bda00000| PB 0x00000000bda00000| Complete |  0
| 963|0x00000000bdb00000, 0x00000000bdc00000, 0x00000000bdc00000|100%|HC|  |TAMS 0x00000000bdb00000| PB 0x00000000bdb00000| Complete |  0
| 964|0x00000000bdc00000, 0x00000000bdd00000, 0x00000000bdd00000|100%|HC|  |TAMS 0x00000000bdc00000| PB 0x00000000bdc00000| Complete |  0
| 965|0x00000000bdd00000, 0x00000000bde00000, 0x00000000bde00000|100%|HC|  |TAMS 0x00000000bdd00000| PB 0x00000000bdd00000| Complete |  0
| 966|0x00000000bde00000, 0x00000000bdf00000, 0x00000000bdf00000|100%|HC|  |TAMS 0x00000000bde00000| PB 0x00000000bde00000| Complete |  0
| 967|0x00000000bdf00000, 0x00000000be000000, 0x00000000be000000|100%|HC|  |TAMS 0x00000000bdf00000| PB 0x00000000bdf00000| Complete |  0
| 968|0x00000000be000000, 0x00000000be100000, 0x00000000be100000|100%|HC|  |TAMS 0x00000000be000000| PB 0x00000000be000000| Complete |  0
| 969|0x00000000be100000, 0x00000000be200000, 0x00000000be200000|100%|HC|  |TAMS 0x00000000be100000| PB 0x00000000be100000| Complete |  0
| 970|0x00000000be200000, 0x00000000be300000, 0x00000000be300000|100%|HC|  |TAMS 0x00000000be200000| PB 0x00000000be200000| Complete |  0
| 971|0x00000000be300000, 0x00000000be400000, 0x00000000be400000|100%|HC|  |TAMS 0x00000000be300000| PB 0x00000000be300000| Complete |  0
| 972|0x00000000be400000, 0x00000000be500000, 0x00000000be500000|100%|HC|  |TAMS 0x00000000be400000| PB 0x00000000be400000| Complete |  0
| 973|0x00000000be500000, 0x00000000be600000, 0x00000000be600000|100%|HC|  |TAMS 0x00000000be500000| PB 0x00000000be500000| Complete |  0
| 974|0x00000000be600000, 0x00000000be700000, 0x00000000be700000|100%|HC|  |TAMS 0x00000000be600000| PB 0x00000000be600000| Complete |  0
| 975|0x00000000be700000, 0x00000000be800000, 0x00000000be800000|100%|HC|  |TAMS 0x00000000be700000| PB 0x00000000be700000| Complete |  0
| 976|0x00000000be800000, 0x00000000be900000, 0x00000000be900000|100%|HC|  |TAMS 0x00000000be800000| PB 0x00000000be800000| Complete |  0
| 977|0x00000000be900000, 0x00000000bea00000, 0x00000000bea00000|100%|HC|  |TAMS 0x00000000be900000| PB 0x00000000be900000| Complete |  0
| 978|0x00000000bea00000, 0x00000000beb00000, 0x00000000beb00000|100%|HC|  |TAMS 0x00000000bea00000| PB 0x00000000bea00000| Complete |  0
| 979|0x00000000beb00000, 0x00000000bec00000, 0x00000000bec00000|100%|HC|  |TAMS 0x00000000beb00000| PB 0x00000000beb00000| Complete |  0
| 980|0x00000000bec00000, 0x00000000bed00000, 0x00000000bed00000|100%|HC|  |TAMS 0x00000000bec00000| PB 0x00000000bec00000| Complete |  0
| 981|0x00000000bed00000, 0x00000000bee00000, 0x00000000bee00000|100%|HC|  |TAMS 0x00000000bed00000| PB 0x00000000bed00000| Complete |  0
| 982|0x00000000bee00000, 0x00000000bef00000, 0x00000000bef00000|100%|HC|  |TAMS 0x00000000bee00000| PB 0x00000000bee00000| Complete |  0
| 983|0x00000000bef00000, 0x00000000bf000000, 0x00000000bf000000|100%|HC|  |TAMS 0x00000000bef00000| PB 0x00000000bef00000| Complete |  0
| 984|0x00000000bf000000, 0x00000000bf100000, 0x00000000bf100000|100%|HC|  |TAMS 0x00000000bf000000| PB 0x00000000bf000000| Complete |  0
| 985|0x00000000bf100000, 0x00000000bf200000, 0x00000000bf200000|100%|HC|  |TAMS 0x00000000bf100000| PB 0x00000000bf100000| Complete |  0
| 986|0x00000000bf200000, 0x00000000bf300000, 0x00000000bf300000|100%|HC|  |TAMS 0x00000000bf200000| PB 0x00000000bf200000| Complete |  0
| 987|0x00000000bf300000, 0x00000000bf400000, 0x00000000bf400000|100%|HC|  |TAMS 0x00000000bf300000| PB 0x00000000bf300000| Complete |  0
| 988|0x00000000bf400000, 0x00000000bf500000, 0x00000000bf500000|100%|HC|  |TAMS 0x00000000bf400000| PB 0x00000000bf400000| Complete |  0
| 989|0x00000000bf500000, 0x00000000bf600000, 0x00000000bf600000|100%|HC|  |TAMS 0x00000000bf500000| PB 0x00000000bf500000| Complete |  0
| 990|0x00000000bf600000, 0x00000000bf700000, 0x00000000bf700000|100%|HC|  |TAMS 0x00000000bf600000| PB 0x00000000bf600000| Complete |  0
| 991|0x00000000bf700000, 0x00000000bf800000, 0x00000000bf800000|100%|HC|  |TAMS 0x00000000bf700000| PB 0x00000000bf700000| Complete |  0
| 992|0x00000000bf800000, 0x00000000bf900000, 0x00000000bf900000|100%|HC|  |TAMS 0x00000000bf800000| PB 0x00000000bf800000| Complete |  0
| 993|0x00000000bf900000, 0x00000000bfa00000, 0x00000000bfa00000|100%|HC|  |TAMS 0x00000000bf900000| PB 0x00000000bf900000| Complete |  0
| 994|0x00000000bfa00000, 0x00000000bfb00000, 0x00000000bfb00000|100%|HC|  |TAMS 0x00000000bfa00000| PB 0x00000000bfa00000| Complete |  0
| 995|0x00000000bfb00000, 0x00000000bfc00000, 0x00000000bfc00000|100%|HC|  |TAMS 0x00000000bfb00000| PB 0x00000000bfb00000| Complete |  0
| 996|0x00000000bfc00000, 0x00000000bfd00000, 0x00000000bfd00000|100%|HC|  |TAMS 0x00000000bfc00000| PB 0x00000000bfc00000| Complete |  0
| 997|0x00000000bfd00000, 0x00000000bfe00000, 0x00000000bfe00000|100%|HC|  |TAMS 0x00000000bfd00000| PB 0x00000000bfd00000| Complete |  0
| 998|0x00000000bfe00000, 0x00000000bff00000, 0x00000000bff00000|100%|HC|  |TAMS 0x00000000bfe00000| PB 0x00000000bfe00000| Complete |  0
| 999|0x00000000bff00000, 0x00000000c0000000, 0x00000000c0000000|100%|HC|  |TAMS 0x00000000bff00000| PB 0x00000000bff00000| Complete |  0
|1000|0x00000000c0000000, 0x00000000c0100000, 0x00000000c0100000|100%|HC|  |TAMS 0x00000000c0000000| PB 0x00000000c0000000| Complete |  0
|1001|0x00000000c0100000, 0x00000000c0200000, 0x00000000c0200000|100%|HS|  |TAMS 0x00000000c0100000| PB 0x00000000c0100000| Complete |  0
|1002|0x00000000c0200000, 0x00000000c0300000, 0x00000000c0300000|100%|HC|  |TAMS 0x00000000c0200000| PB 0x00000000c0200000| Complete |  0
|1003|0x00000000c0300000, 0x00000000c0400000, 0x00000000c0400000|100%|HC|  |TAMS 0x00000000c0300000| PB 0x00000000c0300000| Complete |  0
|1004|0x00000000c0400000, 0x00000000c0500000, 0x00000000c0500000|100%|HC|  |TAMS 0x00000000c0400000| PB 0x00000000c0400000| Complete |  0
|1005|0x00000000c0500000, 0x00000000c0600000, 0x00000000c0600000|100%|HC|  |TAMS 0x00000000c0500000| PB 0x00000000c0500000| Complete |  0
|1006|0x00000000c0600000, 0x00000000c0700000, 0x00000000c0700000|100%|HC|  |TAMS 0x00000000c0600000| PB 0x00000000c0600000| Complete |  0
|1007|0x00000000c0700000, 0x00000000c0800000, 0x00000000c0800000|100%|HS|  |TAMS 0x00000000c0700000| PB 0x00000000c0700000| Complete |  0
|1008|0x00000000c0800000, 0x00000000c0900000, 0x00000000c0900000|100%|HC|  |TAMS 0x00000000c0800000| PB 0x00000000c0800000| Complete |  0
|1009|0x00000000c0900000, 0x00000000c0a00000, 0x00000000c0a00000|100%|HS|  |TAMS 0x00000000c0900000| PB 0x00000000c0900000| Complete |  0
|1010|0x00000000c0a00000, 0x00000000c0b00000, 0x00000000c0b00000|100%|HC|  |TAMS 0x00000000c0a00000| PB 0x00000000c0a00000| Complete |  0
|1011|0x00000000c0b00000, 0x00000000c0c00000, 0x00000000c0c00000|100%|HC|  |TAMS 0x00000000c0b00000| PB 0x00000000c0b00000| Complete |  0
|1012|0x00000000c0c00000, 0x00000000c0d00000, 0x00000000c0d00000|100%|HC|  |TAMS 0x00000000c0c00000| PB 0x00000000c0c00000| Complete |  0
|1013|0x00000000c0d00000, 0x00000000c0e00000, 0x00000000c0e00000|100%|HC|  |TAMS 0x00000000c0d00000| PB 0x00000000c0d00000| Complete |  0
|1014|0x00000000c0e00000, 0x00000000c0f00000, 0x00000000c0f00000|100%|HC|  |TAMS 0x00000000c0e00000| PB 0x00000000c0e00000| Complete |  0
|1015|0x00000000c0f00000, 0x00000000c1000000, 0x00000000c1000000|100%|HC|  |TAMS 0x00000000c0f00000| PB 0x00000000c0f00000| Complete |  0
|1016|0x00000000c1000000, 0x00000000c1100000, 0x00000000c1100000|100%| E|CS|TAMS 0x00000000c1000000| PB 0x00000000c1000000| Complete |  0
|1017|0x00000000c1100000, 0x00000000c1200000, 0x00000000c1200000|100%| E|CS|TAMS 0x00000000c1100000| PB 0x00000000c1100000| Complete |  0
|1018|0x00000000c1200000, 0x00000000c1300000, 0x00000000c1300000|100%| E|CS|TAMS 0x00000000c1200000| PB 0x00000000c1200000| Complete |  0
|2011|0x00000000ff300000, 0x00000000ff3144f0, 0x00000000ff400000|  7%| O|  |TAMS 0x00000000ff300000| PB 0x00000000ff300000| Untracked |  0
|2012|0x00000000ff400000, 0x00000000ff500000, 0x00000000ff500000|100%| O|  |TAMS 0x00000000ff400000| PB 0x00000000ff400000| Untracked |  0
|2013|0x00000000ff500000, 0x00000000ff600000, 0x00000000ff600000|100%| E|CS|TAMS 0x00000000ff500000| PB 0x00000000ff500000| Complete |  0
|2014|0x00000000ff600000, 0x00000000ff700000, 0x00000000ff700000|100%| E|CS|TAMS 0x00000000ff600000| PB 0x00000000ff600000| Complete |  0
|2015|0x00000000ff700000, 0x00000000ff800000, 0x00000000ff800000|100%| E|CS|TAMS 0x00000000ff700000| PB 0x00000000ff700000| Complete |  0
|2016|0x00000000ff800000, 0x00000000ff900000, 0x00000000ff900000|100%| E|CS|TAMS 0x00000000ff800000| PB 0x00000000ff800000| Complete |  0
|2017|0x00000000ff900000, 0x00000000ffa00000, 0x00000000ffa00000|100%| O|  |TAMS 0x00000000ff900000| PB 0x00000000ff900000| Untracked |  0
|2018|0x00000000ffa00000, 0x00000000ffb00000, 0x00000000ffb00000|100%| O|  |TAMS 0x00000000ffa00000| PB 0x00000000ffa00000| Untracked |  0
|2019|0x00000000ffb00000, 0x00000000ffc00000, 0x00000000ffc00000|100%| O|  |TAMS 0x00000000ffb00000| PB 0x00000000ffb00000| Untracked |  0
|2020|0x00000000ffc00000, 0x00000000ffd00000, 0x00000000ffd00000|100%| O|  |TAMS 0x00000000ffc00000| PB 0x00000000ffc00000| Untracked |  0
|2021|0x00000000ffd00000, 0x00000000ffe00000, 0x00000000ffe00000|100%| O|  |TAMS 0x00000000ffd00000| PB 0x00000000ffd00000| Untracked |  0
|2022|0x00000000ffe00000, 0x00000000fff00000, 0x00000000fff00000|100%| O|  |TAMS 0x00000000ffe00000| PB 0x00000000ffe00000| Untracked |  0
|2023|0x00000000fff00000, 0x0000000100000000, 0x0000000100000000|100%| E|CS|TAMS 0x00000000fff00000| PB 0x00000000fff00000| Complete |  0

Card table byte_map: [0x0000023ab0290000,0x0000023ab0690000] _byte_map_base: 0x0000023aafe84000

Marking Bits: (CMBitMap*) 0x0000023a983e9630
 Bits: [0x0000023ab0690000, 0x0000023ab2630000)

Polling page: 0x0000023a97b70000

Metaspace:
Metaspace        used 40513K, committed 41024K, reserved 1114112K
 class space     used 4008K, committed 4224K, reserved 1048576K

Usage:
  Non-class:     35.65 MB used.
      Class:      3.91 MB used.
       Both:     39.56 MB used.

Virtual space:
  Non-class space:       64.00 MB reserved,      35.94 MB ( 56%) committed,  1 nodes.
      Class space:        1.00 GB reserved,       4.12 MB ( <1%) committed,  1 nodes.
             Both:        1.06 GB reserved,      40.06 MB (  4%) committed. 

Chunk freelists:
   Non-Class:  12.03 MB
       Class:  11.92 MB
        Both:  23.95 MB

MaxMetaspaceSize: unlimited
CompressedClassSpaceSize: 1.00 GB
Initial GC threshold: 21.00 MB
Current GC threshold: 66.69 MB
CDS: on
 - commit_granule_bytes: 65536.
 - commit_granule_words: 8192.
 - virtual_space_node_default_size: 8388608.
 - enlarge_chunks_in_place: 1.
UseCompressedClassPointers 1, UseCompactObjectHeaders 0
Narrow klass pointer bits 32, Max shift 3
Narrow klass base: 0x000000001e000000, Narrow klass shift: 0
Encoding Range: [0x000000001e000000 - 0x000000011e000000), (4294967296 bytes)
Klass Range:    [0x000000001e010000 - 0x000000005f000000), (1090453504 bytes)
Klass ID Range:  [65536 - 1090519033) (1090453497)
Protection zone: [0x000000001e000000 - 0x000000001e010000), (65536 bytes)


Internal statistics:

num_allocs_failed_limit: 3.
num_arena_births: 572.
num_arena_deaths: 0.
num_vsnodes_births: 2.
num_vsnodes_deaths: 0.
num_space_committed: 640.
num_space_uncommitted: 0.
num_chunks_returned_to_freelist: 3.
num_chunks_taken_from_freelist: 1294.
num_chunk_merges: 3.
num_chunk_splits: 903.
num_chunks_enlarged: 671.
num_inconsistent_stats: 0.

CodeHeap 'non-profiled nmethods': size=120064Kb used=5042Kb max_used=5052Kb free=115021Kb
 bounds [0x0000023aa8950000, 0x0000023aa8e60000, 0x0000023aafe90000]
CodeHeap 'profiled nmethods': size=120000Kb used=14768Kb max_used=15441Kb free=105231Kb
 bounds [0x0000023aa0e90000, 0x0000023aa1db0000, 0x0000023aa83c0000]
CodeHeap 'non-nmethods': size=5696Kb used=1925Kb max_used=2044Kb free=3770Kb
 bounds [0x0000023aa83c0000, 0x0000023aa8630000, 0x0000023aa8950000]
CodeCache: size=245760Kb, used=21735Kb, max_used=22537Kb, free=224022Kb
 total_blobs=9806, nmethods=8749, adapters=947, full_count=0
Compilation: enabled, stopped_count=0, restarted_count=0

Compilation events (20 events):
Event: 737.628 Thread 0x0000023ab4aa66f0 12764       1       javax.swing.JRootPane::getContentPane (5 bytes)
Event: 737.629 Thread 0x0000023ab4aa66f0 nmethod 12764 0x0000023aa89d5c88 code [0x0000023aa89d5d80, 0x0000023aa89d5e48]
Event: 737.673 Thread 0x0000023ab4aa66f0 12765       3       javax.swing.text.html.HTMLDocument$HTMLReader$CharacterAction::start (145 bytes)
Event: 737.673 Thread 0x0000023ab4aa66f0 nmethod 12765 0x0000023aa1366d88 code [0x0000023aa1366e80, 0x0000023aa1367d88]
Event: 737.673 Thread 0x0000023ab4aa66f0 12766       3       javax.swing.text.html.HTMLDocument$HTMLReader$CharacterAction::end (8 bytes)
Event: 737.674 Thread 0x0000023ab4aa2620 12767       4       javax.swing.text.html.CSS::<init> (694 bytes)
Event: 737.674 Thread 0x0000023ab4aa66f0 nmethod 12766 0x0000023aa0f6a108 code [0x0000023aa0f6a200, 0x0000023aa0f6ad50]
Event: 737.675 Thread 0x0000023ab4aa66f0 12768       3       javax.swing.text.SimpleAttributeSet::getResolveParent (14 bytes)
Event: 737.676 Thread 0x0000023ab4aa66f0 nmethod 12768 0x0000023aa132d188 code [0x0000023aa132d280, 0x0000023aa132d670]
Event: 737.713 Thread 0x0000023ab4aa66f0 12769       3       View.PosPanel$6::paintComponent (54 bytes)
Event: 737.715 Thread 0x0000023ab4aa66f0 nmethod 12769 0x0000023aa13c5e08 code [0x0000023aa13c5f00, 0x0000023aa13c69f8]
Event: 738.209 Thread 0x0000023ab4aa2620 nmethod 12767 0x0000023aa8e4a988 code [0x0000023aa8e4aa80, 0x0000023aa8e5ccb8]
Event: 738.304 Thread 0x0000023ab4aa66f0 12770       3       View.OrderPanel::setActionsEnabled (41 bytes)
Event: 738.304 Thread 0x0000023ab4aa66f0 nmethod 12770 0x0000023aa0fd7808 code [0x0000023aa0fd7900, 0x0000023aa0fd7e38]
Event: 738.309 Thread 0x0000023ab4aa2620 12771       4       sun.java2d.pipe.DrawImage::transformImage (124 bytes)
Event: 738.515 Thread 0x0000023ab4aa2620 nmethod 12771 0x0000023aa8d01e08 code [0x0000023aa8d01f40, 0x0000023aa8d064a0]
Event: 738.515 Thread 0x0000023ab4aa2620 12772   !   4       javax.swing.JComponent::paint (409 bytes)
Event: 738.555 Thread 0x0000023ab4aa2620 nmethod 12772 0x0000023aa8c2c808 code [0x0000023aa8c2c900, 0x0000023aa8c2f798]
Event: 739.027 Thread 0x0000023ab4aa2620 12773       4       java.nio.ByteBuffer::arrayOffset (35 bytes)
Event: 739.028 Thread 0x0000023ab4aa2620 nmethod 12773 0x0000023aa89d5888 code [0x0000023aa89d5980, 0x0000023aa89d5a30]

GC Heap Usage History (20 events):
Event: 274.510 {heap Before GC invocations=144 (full 0):
 garbage-first heap   total reserved 2072576K, committed 773120K, used 772322K [0x0000000081800000, 0x0000000100000000)
  region size 1024K, 224 young (229376K), 1 survivors (1024K)
}
Event: 274.515 {heap After GC invocations=145 (full 0):
 garbage-first heap   total reserved 2072576K, committed 775168K, used 357275K [0x0000000081800000, 0x0000000100000000)
  region size 1024K, 1 young (1024K), 1 survivors (1024K)
}
Event: 274.600 {heap Before GC invocations=145 (full 0):
 garbage-first heap   total reserved 2072576K, committed 775168K, used 372635K [0x0000000081800000, 0x0000000100000000)
  region size 1024K, 17 young (17408K), 1 survivors (1024K)
}
Event: 274.603 {heap After GC invocations=146 (full 0):
 garbage-first heap   total reserved 2072576K, committed 775168K, used 282444K [0x0000000081800000, 0x0000000100000000)
  region size 1024K, 1 young (1024K), 1 survivors (1024K)
}
Event: 276.545 {heap Before GC invocations=147 (full 0):
 garbage-first heap   total reserved 2072576K, committed 775168K, used 372556K [0x0000000081800000, 0x0000000100000000)
  region size 1024K, 50 young (51200K), 1 survivors (1024K)
}
Event: 276.549 {heap After GC invocations=148 (full 0):
 garbage-first heap   total reserved 2072576K, committed 775168K, used 227114K [0x0000000081800000, 0x0000000100000000)
  region size 1024K, 1 young (1024K), 1 survivors (1024K)
}
Event: 288.894 {heap Before GC invocations=149 (full 0):
 garbage-first heap   total reserved 2072576K, committed 775168K, used 267050K [0x0000000081800000, 0x0000000100000000)
  region size 1024K, 37 young (37888K), 1 survivors (1024K)
}
Event: 288.896 {heap After GC invocations=150 (full 0):
 garbage-first heap   total reserved 2072576K, committed 775168K, used 231361K [0x0000000081800000, 0x0000000100000000)
  region size 1024K, 1 young (1024K), 1 survivors (1024K)
}
Event: 451.919 {heap Before GC invocations=151 (full 0):
 garbage-first heap   total reserved 2072576K, committed 782336K, used 781249K [0x0000000081800000, 0x0000000100000000)
  region size 1024K, 263 young (269312K), 1 survivors (1024K)
}
Event: 451.923 {heap After GC invocations=152 (full 0):
 garbage-first heap   total reserved 2072576K, committed 785408K, used 355810K [0x0000000081800000, 0x0000000100000000)
  region size 1024K, 2 young (2048K), 2 survivors (2048K)
}
Event: 506.098 {heap Before GC invocations=152 (full 0):
 garbage-first heap   total reserved 2072576K, committed 791552K, used 788962K [0x0000000081800000, 0x0000000100000000)
  region size 1024K, 192 young (196608K), 2 survivors (2048K)
}
Event: 506.104 {heap After GC invocations=153 (full 0):
 garbage-first heap   total reserved 2072576K, committed 793600K, used 347303K [0x0000000081800000, 0x0000000100000000)
  region size 1024K, 2 young (2048K), 2 survivors (2048K)
}
Event: 506.106 {heap Before GC invocations=153 (full 0):
 garbage-first heap   total reserved 2072576K, committed 793600K, used 347303K [0x0000000081800000, 0x0000000100000000)
  region size 1024K, 3 young (3072K), 2 survivors (2048K)
}
Event: 506.109 {heap After GC invocations=154 (full 0):
 garbage-first heap   total reserved 2072576K, committed 793600K, used 265281K [0x0000000081800000, 0x0000000100000000)
  region size 1024K, 2 young (2048K), 2 survivors (2048K)
}
Event: 692.859 {heap Before GC invocations=155 (full 0):
 garbage-first heap   total reserved 2072576K, committed 937984K, used 937025K [0x0000000081800000, 0x0000000100000000)
  region size 1024K, 302 young (309248K), 2 survivors (2048K)
}
Event: 692.915 {heap After GC invocations=156 (full 0):
 garbage-first heap   total reserved 2072576K, committed 941056K, used 486944K [0x0000000081800000, 0x0000000100000000)
  region size 1024K, 3 young (3072K), 3 survivors (3072K)
}
Event: 715.540 {heap Before GC invocations=156 (full 0):
 garbage-first heap   total reserved 2072576K, committed 1052672K, used 1050144K [0x0000000081800000, 0x0000000100000000)
  region size 1024K, 289 young (295936K), 3 survivors (3072K)
}
Event: 715.584 {heap After GC invocations=157 (full 0):
 garbage-first heap   total reserved 2072576K, committed 1056768K, used 404425K [0x0000000081800000, 0x0000000100000000)
  region size 1024K, 3 young (3072K), 3 survivors (3072K)
}
Event: 715.637 {heap Before GC invocations=157 (full 0):
 garbage-first heap   total reserved 2072576K, committed 1056768K, used 410569K [0x0000000081800000, 0x0000000100000000)
  region size 1024K, 10 young (10240K), 3 survivors (3072K)
}
Event: 715.652 {heap After GC invocations=158 (full 0):
 garbage-first heap   total reserved 2072576K, committed 1056768K, used 277510K [0x0000000081800000, 0x0000000100000000)
  region size 1024K, 3 young (3072K), 3 survivors (3072K)
}

Metaspace Usage History (20 events):
Event: 274.510 {metaspace Before GC invocations=144 (full 0):
 Metaspace       used 38810K, committed 39296K, reserved 1114112K
  class space    used 3861K, committed 4032K, reserved 1048576K
}
Event: 274.515 {metaspace After GC invocations=145 (full 0):
 Metaspace       used 38810K, committed 39296K, reserved 1114112K
  class space    used 3861K, committed 4032K, reserved 1048576K
}
Event: 274.600 {metaspace Before GC invocations=145 (full 0):
 Metaspace       used 38810K, committed 39296K, reserved 1114112K
  class space    used 3861K, committed 4032K, reserved 1048576K
}
Event: 274.603 {metaspace After GC invocations=146 (full 0):
 Metaspace       used 38810K, committed 39296K, reserved 1114112K
  class space    used 3861K, committed 4032K, reserved 1048576K
}
Event: 276.545 {metaspace Before GC invocations=147 (full 0):
 Metaspace       used 38903K, committed 39360K, reserved 1114112K
  class space    used 3861K, committed 4032K, reserved 1048576K
}
Event: 276.549 {metaspace After GC invocations=148 (full 0):
 Metaspace       used 38903K, committed 39360K, reserved 1114112K
  class space    used 3861K, committed 4032K, reserved 1048576K
}
Event: 288.894 {metaspace Before GC invocations=149 (full 0):
 Metaspace       used 39077K, committed 39552K, reserved 1114112K
  class space    used 3866K, committed 4096K, reserved 1048576K
}
Event: 288.896 {metaspace After GC invocations=150 (full 0):
 Metaspace       used 39077K, committed 39552K, reserved 1114112K
  class space    used 3866K, committed 4096K, reserved 1048576K
}
Event: 451.919 {metaspace Before GC invocations=151 (full 0):
 Metaspace       used 40040K, committed 40512K, reserved 1114112K
  class space    used 3965K, committed 4160K, reserved 1048576K
}
Event: 451.923 {metaspace After GC invocations=152 (full 0):
 Metaspace       used 40040K, committed 40512K, reserved 1114112K
  class space    used 3965K, committed 4160K, reserved 1048576K
}
Event: 506.098 {metaspace Before GC invocations=152 (full 0):
 Metaspace       used 40249K, committed 40768K, reserved 1114112K
  class space    used 4002K, committed 4224K, reserved 1048576K
}
Event: 506.104 {metaspace After GC invocations=153 (full 0):
 Metaspace       used 40249K, committed 40768K, reserved 1114112K
  class space    used 4002K, committed 4224K, reserved 1048576K
}
Event: 506.106 {metaspace Before GC invocations=153 (full 0):
 Metaspace       used 40249K, committed 40768K, reserved 1114112K
  class space    used 4002K, committed 4224K, reserved 1048576K
}
Event: 506.109 {metaspace After GC invocations=154 (full 0):
 Metaspace       used 40249K, committed 40768K, reserved 1114112K
  class space    used 4002K, committed 4224K, reserved 1048576K
}
Event: 692.860 {metaspace Before GC invocations=155 (full 0):
 Metaspace       used 40434K, committed 40960K, reserved 1114112K
  class space    used 4005K, committed 4224K, reserved 1048576K
}
Event: 692.915 {metaspace After GC invocations=156 (full 0):
 Metaspace       used 40434K, committed 40960K, reserved 1114112K
  class space    used 4005K, committed 4224K, reserved 1048576K
}
Event: 715.540 {metaspace Before GC invocations=156 (full 0):
 Metaspace       used 40484K, committed 40960K, reserved 1114112K
  class space    used 4007K, committed 4224K, reserved 1048576K
}
Event: 715.584 {metaspace After GC invocations=157 (full 0):
 Metaspace       used 40484K, committed 40960K, reserved 1114112K
  class space    used 4007K, committed 4224K, reserved 1048576K
}
Event: 715.637 {metaspace Before GC invocations=157 (full 0):
 Metaspace       used 40484K, committed 40960K, reserved 1114112K
  class space    used 4007K, committed 4224K, reserved 1048576K
}
Event: 715.652 {metaspace After GC invocations=158 (full 0):
 Metaspace       used 40484K, committed 40960K, reserved 1114112K
  class space    used 4007K, committed 4224K, reserved 1048576K
}

Dll operation events (16 events):
Event: 0.014 Loaded shared library C:\Program Files\Apache NetBeans\jdk\bin\java.dll
Event: 0.122 Loaded shared library C:\Program Files\Apache NetBeans\jdk\bin\jimage.dll
Event: 0.150 Loaded shared library C:\Program Files\Apache NetBeans\jdk\bin\awt.dll
Event: 0.189 Loaded shared library C:\Program Files\Apache NetBeans\jdk\bin\net.dll
Event: 0.193 Loaded shared library C:\Program Files\Apache NetBeans\jdk\bin\nio.dll
Event: 0.209 Loaded shared library C:\Program Files\Apache NetBeans\jdk\bin\zip.dll
Event: 0.775 Loaded shared library C:\Program Files\Apache NetBeans\jdk\bin\freetype.dll
Event: 0.778 Loaded shared library C:\Program Files\Apache NetBeans\jdk\bin\fontmanager.dll
Event: 1.197 Loaded shared library C:\Program Files\Apache NetBeans\jdk\bin\management.dll
Event: 1.222 Loaded shared library C:\Program Files\Apache NetBeans\jdk\bin\management_ext.dll
Event: 2.687 Loaded shared library C:\Program Files\Apache NetBeans\jdk\bin\sunmscapi.dll
Event: 2.704 Loaded shared library C:\Program Files\Apache NetBeans\jdk\bin\extnet.dll
Event: 8.883 Loaded shared library C:\Program Files\Apache NetBeans\jdk\bin\javajpeg.dll
Event: 12.407 Loaded shared library C:\Program Files\Apache NetBeans\jdk\bin\verify.dll
Event: 20.434 Loaded shared library C:\Windows\System32\ucrtbase.dll
Event: 20.441 Loaded shared library C:\Program Files\Apache NetBeans\jdk\bin\syslookup.dll

Deoptimization events (20 events):
Event: 696.293 Thread 0x0000023ab91d7a80 Uncommon trap: trap_request=0xffffffde fr.pc=0x0000023aa8d91a98 relative=0x0000000000000a78
Event: 696.293 Thread 0x0000023ab91d7a80 Uncommon trap: reason=class_check action=maybe_recompile pc=0x0000023aa8d91a98 method=sun.java2d.SunGraphics2D.validateCompClip()V @ 69 c2
Event: 696.293 Thread 0x0000023ab91d7a80 DEOPT PACKING pc=0x0000023aa8d91a98 sp=0x000000ce4c8fd9d0
Event: 696.293 Thread 0x0000023ab91d7a80 DEOPT UNPACKING pc=0x0000023aa84df582 sp=0x000000ce4c8fd960 mode 2
Event: 696.409 Thread 0x0000023ab91d7a80 Uncommon trap: trap_request=0xffffffcc fr.pc=0x0000023aa8e34518 relative=0x0000000000000498
Event: 696.409 Thread 0x0000023ab91d7a80 Uncommon trap: reason=intrinsic_or_type_checked_inlining action=make_not_entrant pc=0x0000023aa8e34518 method=java.util.ArrayList.toArray([Ljava/lang/Object;)[Ljava/lang/Object; @ 36 c2
Event: 696.409 Thread 0x0000023ab91d7a80 DEOPT PACKING pc=0x0000023aa8e34518 sp=0x000000ce4c8fe3a0
Event: 696.409 Thread 0x0000023ab91d7a80 DEOPT UNPACKING pc=0x0000023aa84df582 sp=0x000000ce4c8fe370 mode 2
Event: 698.461 Thread 0x0000023ab91d7a80 Uncommon trap: trap_request=0xffffff45 fr.pc=0x0000023aa8dcbee0 relative=0x0000000000000de0
Event: 698.462 Thread 0x0000023ab91d7a80 Uncommon trap: reason=unstable_if action=reinterpret pc=0x0000023aa8dcbee0 method=java.awt.EventQueue.removeSourceEvents(Ljava/lang/Object;Z)V @ 88 c2
Event: 698.462 Thread 0x0000023ab91d7a80 DEOPT PACKING pc=0x0000023aa8dcbee0 sp=0x000000ce4c8fdf20
Event: 698.462 Thread 0x0000023ab91d7a80 DEOPT UNPACKING pc=0x0000023aa84df582 sp=0x000000ce4c8fded8 mode 2
Event: 698.463 Thread 0x0000023ab91d7a80 Uncommon trap: trap_request=0xffffff45 fr.pc=0x0000023aa8e20564 relative=0x00000000000040e4
Event: 698.463 Thread 0x0000023ab91d7a80 Uncommon trap: reason=unstable_if action=reinterpret pc=0x0000023aa8e20564 method=java.awt.Component.getNativeContainer()Ljava/awt/Container; @ 6 c2
Event: 698.463 Thread 0x0000023ab91d7a80 DEOPT PACKING pc=0x0000023aa8e20564 sp=0x000000ce4c8fe620
Event: 698.463 Thread 0x0000023ab91d7a80 DEOPT UNPACKING pc=0x0000023aa84df582 sp=0x000000ce4c8fe5a8 mode 2
Event: 712.394 Thread 0x0000023ab91d7a80 DEOPT PACKING pc=0x0000023aa1c94592 sp=0x000000ce4c8fe680
Event: 712.394 Thread 0x0000023ab91d7a80 DEOPT UNPACKING pc=0x0000023aa8411702 sp=0x000000ce4c8fdca8 mode 0
Event: 737.674 Thread 0x0000023ab91d7a80 DEOPT PACKING pc=0x0000023aa150981e sp=0x000000ce4c8fcae0
Event: 737.675 Thread 0x0000023ab91d7a80 DEOPT UNPACKING pc=0x0000023aa8411702 sp=0x000000ce4c8fbfe0 mode 0

Classes loaded (20 events):
Event: 442.165 Loading class javax/swing/event/MenuDragMouseEvent
Event: 442.165 Loading class javax/swing/event/MenuDragMouseEvent done
Event: 442.168 Loading class java/awt/KeyboardFocusManager$2
Event: 442.168 Loading class java/awt/KeyboardFocusManager$2 done
Event: 445.008 Loading class javax/swing/text/DefaultHighlighter$LayeredHighlightInfo
Event: 445.009 Loading class javax/swing/text/DefaultHighlighter$HighlightInfo
Event: 445.009 Loading class javax/swing/text/DefaultHighlighter$HighlightInfo done
Event: 445.009 Loading class javax/swing/text/DefaultHighlighter$LayeredHighlightInfo done
Event: 496.988 Loading class javax/swing/plaf/basic/BasicOptionPaneUI$MultiplexingTextField
Event: 496.988 Loading class javax/swing/plaf/basic/BasicOptionPaneUI$MultiplexingTextField done
Event: 682.208 Loading class sun/awt/windows/WInputMethod$1
Event: 682.229 Loading class sun/awt/windows/WInputMethod$1 done
Event: 682.236 Loading class java/awt/font/TextHitInfo
Event: 682.244 Loading class java/awt/font/TextHitInfo done
Event: 696.252 Loading class javax/swing/JTable$GenericEditor
Event: 696.262 Loading class javax/swing/JTable$GenericEditor done
Event: 696.279 Loading class javax/swing/DefaultCellEditor$1
Event: 696.281 Loading class javax/swing/DefaultCellEditor$1 done
Event: 696.285 Loading class java/awt/geom/AreaIterator
Event: 696.290 Loading class java/awt/geom/AreaIterator done

Classes unloaded (0 events):
No events

Classes redefined (0 events):
No events

Internal exceptions (20 events):
Event: 720.070 Thread 0x0000023ab91d7a80 Implicit null exception at 0x0000023aa1b1bece to 0x0000023aa1b1c324
Event: 720.070 Thread 0x0000023ab91d7a80 Exception <a 'java/lang/NullPointerException'{0x00000000b54af3a8}> (0x00000000b54af3a8) 
thrown [s\src\hotspot\share\runtime\sharedRuntime.cpp, line 681]
Event: 722.178 Thread 0x0000023ab91d7a80 Implicit null exception at 0x0000023aa1b1bece to 0x0000023aa1b1c324
Event: 722.178 Thread 0x0000023ab91d7a80 Exception <a 'java/lang/NullPointerException'{0x00000000ae577ac0}> (0x00000000ae577ac0) 
thrown [s\src\hotspot\share\runtime\sharedRuntime.cpp, line 681]
Event: 722.235 Thread 0x0000023ab91d7a80 Implicit null exception at 0x0000023aa1b1bece to 0x0000023aa1b1c324
Event: 722.235 Thread 0x0000023ab91d7a80 Exception <a 'java/lang/NullPointerException'{0x00000000ae43a278}> (0x00000000ae43a278) 
thrown [s\src\hotspot\share\runtime\sharedRuntime.cpp, line 681]
Event: 725.050 Thread 0x0000023ab91d7a80 Implicit null exception at 0x0000023aa1b1bece to 0x0000023aa1b1c324
Event: 725.050 Thread 0x0000023ab91d7a80 Exception <a 'java/lang/NullPointerException'{0x00000000ae3dfb48}> (0x00000000ae3dfb48) 
thrown [s\src\hotspot\share\runtime\sharedRuntime.cpp, line 681]
Event: 725.099 Thread 0x0000023ab91d7a80 Implicit null exception at 0x0000023aa1b1bece to 0x0000023aa1b1c324
Event: 725.099 Thread 0x0000023ab91d7a80 Exception <a 'java/lang/NullPointerException'{0x00000000ae2b23c0}> (0x00000000ae2b23c0) 
thrown [s\src\hotspot\share\runtime\sharedRuntime.cpp, line 681]
Event: 735.238 Thread 0x0000023ab91d7a80 Implicit null exception at 0x0000023aa1b1bece to 0x0000023aa1b1c324
Event: 735.238 Thread 0x0000023ab91d7a80 Exception <a 'java/lang/NullPointerException'{0x00000000adb78938}> (0x00000000adb78938) 
thrown [s\src\hotspot\share\runtime\sharedRuntime.cpp, line 681]
Event: 735.296 Thread 0x0000023ab91d7a80 Implicit null exception at 0x0000023aa1b1bece to 0x0000023aa1b1c324
Event: 735.296 Thread 0x0000023ab91d7a80 Exception <a 'java/lang/NullPointerException'{0x00000000ada59de8}> (0x00000000ada59de8) 
thrown [s\src\hotspot\share\runtime\sharedRuntime.cpp, line 681]
Event: 737.534 Thread 0x0000023ab91d7a80 Implicit null exception at 0x0000023aa1b1bece to 0x0000023aa1b1c324
Event: 737.534 Thread 0x0000023ab91d7a80 Exception <a 'java/lang/NullPointerException'{0x00000000ad959cb0}> (0x00000000ad959cb0) 
thrown [s\src\hotspot\share\runtime\sharedRuntime.cpp, line 681]
Event: 738.233 Thread 0x0000023ab91d7a80 Implicit null exception at 0x0000023aa1b1bece to 0x0000023aa1b1c324
Event: 738.233 Thread 0x0000023ab91d7a80 Exception <a 'java/lang/NullPointerException'{0x00000000ad5f1bf8}> (0x00000000ad5f1bf8) 
thrown [s\src\hotspot\share\runtime\sharedRuntime.cpp, line 681]
Event: 738.986 Thread 0x0000023ab91d7a80 Implicit null exception at 0x0000023aa1b1bece to 0x0000023aa1b1c324
Event: 738.986 Thread 0x0000023ab91d7a80 Exception <a 'java/lang/NullPointerException'{0x00000000ad358800}> (0x00000000ad358800) 
thrown [s\src\hotspot\share\runtime\sharedRuntime.cpp, line 681]

VM Operations (20 events):
Event: 721.572 Executing non-safepoint VM operation: RendezvousGCThreads
Event: 721.572 Executing non-safepoint VM operation: RendezvousGCThreads done
Event: 722.171 Executing safepoint VM operation: ThreadDump
Event: 722.172 Executing safepoint VM operation: ThreadDump done
Event: 722.233 Executing safepoint VM operation: ThreadDump
Event: 722.234 Executing safepoint VM operation: ThreadDump done
Event: 725.049 Executing safepoint VM operation: ThreadDump
Event: 725.049 Executing safepoint VM operation: ThreadDump done
Event: 725.098 Executing safepoint VM operation: ThreadDump
Event: 725.098 Executing safepoint VM operation: ThreadDump done
Event: 735.235 Executing safepoint VM operation: ThreadDump
Event: 735.236 Executing safepoint VM operation: ThreadDump done
Event: 735.294 Executing safepoint VM operation: ThreadDump
Event: 735.295 Executing safepoint VM operation: ThreadDump done
Event: 737.532 Executing safepoint VM operation: ThreadDump
Event: 737.532 Executing safepoint VM operation: ThreadDump done
Event: 738.231 Executing safepoint VM operation: ThreadDump
Event: 738.231 Executing safepoint VM operation: ThreadDump done
Event: 738.984 Executing safepoint VM operation: ThreadDump
Event: 738.984 Executing safepoint VM operation: ThreadDump done

Memory protections (0 events):
No events

Nmethod flushes (20 events):
Event: 715.875 Thread 0x0000023ab4a7f1d0 flushing  nmethod 0x0000023aa1879288
Event: 715.875 Thread 0x0000023ab4a7f1d0 flushing  nmethod 0x0000023aa187b088
Event: 715.875 Thread 0x0000023ab4a7f1d0 flushing  nmethod 0x0000023aa187bc88
Event: 715.875 Thread 0x0000023ab4a7f1d0 flushing  nmethod 0x0000023aa18ef208
Event: 715.875 Thread 0x0000023ab4a7f1d0 flushing  nmethod 0x0000023aa18f4f08
Event: 715.875 Thread 0x0000023ab4a7f1d0 flushing  nmethod 0x0000023aa18f7608
Event: 715.875 Thread 0x0000023ab4a7f1d0 flushing  nmethod 0x0000023aa18fb608
Event: 715.875 Thread 0x0000023ab4a7f1d0 flushing  nmethod 0x0000023aa1928f08
Event: 715.875 Thread 0x0000023ab4a7f1d0 flushing  nmethod 0x0000023aa192c008
Event: 715.875 Thread 0x0000023ab4a7f1d0 flushing  nmethod 0x0000023aa192c708
Event: 715.875 Thread 0x0000023ab4a7f1d0 flushing  nmethod 0x0000023aa1941c08
Event: 715.875 Thread 0x0000023ab4a7f1d0 flushing  nmethod 0x0000023aa19acf88
Event: 715.875 Thread 0x0000023ab4a7f1d0 flushing  nmethod 0x0000023aa1a6c088
Event: 715.875 Thread 0x0000023ab4a7f1d0 flushing  nmethod 0x0000023aa1a79688
Event: 715.875 Thread 0x0000023ab4a7f1d0 flushing  nmethod 0x0000023aa1b24808
Event: 715.875 Thread 0x0000023ab4a7f1d0 flushing  nmethod 0x0000023aa1b32a88
Event: 715.875 Thread 0x0000023ab4a7f1d0 flushing  nmethod 0x0000023aa1b62608
Event: 715.875 Thread 0x0000023ab4a7f1d0 flushing  nmethod 0x0000023aa1b8bd08
Event: 715.875 Thread 0x0000023ab4a7f1d0 flushing  nmethod 0x0000023aa1bd2388
Event: 715.875 Thread 0x0000023ab4a7f1d0 flushing  nmethod 0x0000023aa1c70408

Events (20 events):
Event: 506.074 Thread 0x0000023ab91d7a80 Thread added: 0x0000023abc156390
Event: 517.469 Thread 0x0000023abc156390 Thread exited: 0x0000023abc156390
Event: 517.476 Thread 0x0000023abc1553f0 Thread exited: 0x0000023abc1553f0
Event: 518.291 Thread 0x0000023ab91d7a80 Thread added: 0x0000023abc156b60
Event: 520.720 Thread 0x0000023ab91d7a80 Thread added: 0x0000023abc155bc0
Event: 531.222 Thread 0x0000023abc155bc0 Thread exited: 0x0000023abc155bc0
Event: 531.229 Thread 0x0000023abc156b60 Thread exited: 0x0000023abc156b60
Event: 531.404 Thread 0x0000023ab91d7a80 Thread added: 0x0000023abaeb81f0
Event: 542.937 Thread 0x0000023abaeb81f0 Thread exited: 0x0000023abaeb81f0
Event: 591.398 Thread 0x0000023abc154450 Thread exited: 0x0000023abc154450
Event: 687.504 Thread 0x0000023ab91d7a80 Thread added: 0x0000023abc1553f0
Event: 687.529 Thread 0x0000023ab91d7a80 Thread added: 0x0000023abc154450
Event: 699.729 Thread 0x0000023abc154450 Thread exited: 0x0000023abc154450
Event: 701.460 Thread 0x0000023ab91d7a80 Thread added: 0x0000023abc154450
Event: 707.382 Thread 0x0000023abc154450 Thread exited: 0x0000023abc154450
Event: 714.666 Thread 0x0000023ab91d7a80 Thread added: 0x0000023abc154450
Event: 717.515 Thread 0x0000023ab91d7a80 Thread added: 0x0000023abaeb81f0
Event: 731.569 Thread 0x0000023abaeb81f0 Thread exited: 0x0000023abaeb81f0
Event: 731.582 Thread 0x0000023abc154450 Thread exited: 0x0000023abc154450
Event: 737.679 Thread 0x0000023ab91d7a80 Thread added: 0x0000023ab4a9f920


Dynamic libraries:
0x00007ff77b900000 - 0x00007ff77b90e000 	C:\Program Files\Apache NetBeans\jdk\bin\java.exe
0x00007ffd720b0000 - 0x00007ffd722a8000 	C:\Windows\SYSTEM32\ntdll.dll
0x00007ffd71310000 - 0x00007ffd713cd000 	C:\Windows\System32\KERNEL32.DLL
0x00007ffd6f890000 - 0x00007ffd6fb86000 	C:\Windows\System32\KERNELBASE.dll
0x00007ffd6f790000 - 0x00007ffd6f890000 	C:\Windows\System32\ucrtbase.dll
0x00007ffd5f780000 - 0x00007ffd5f796000 	C:\Program Files\Apache NetBeans\jdk\bin\jli.dll
0x00007ffd68ae0000 - 0x00007ffd68afe000 	C:\Program Files\Apache NetBeans\jdk\bin\VCRUNTIME140.dll
0x00007ffd71e30000 - 0x00007ffd71fce000 	C:\Windows\System32\USER32.dll
0x00007ffd5a690000 - 0x00007ffd5a92a000 	C:\Windows\WinSxS\amd64_microsoft.windows.common-controls_6595b64144ccf1df_6.0.19041.3636_none_60b6a03d71f818d5\COMCTL32.dll
0x00007ffd6fbe0000 - 0x00007ffd6fc02000 	C:\Windows\System32\win32u.dll
0x00007ffd71fd0000 - 0x00007ffd7206e000 	C:\Windows\System32\msvcrt.dll
0x00007ffd71e00000 - 0x00007ffd71e2c000 	C:\Windows\System32\GDI32.dll
0x00007ffd6fff0000 - 0x00007ffd7010a000 	C:\Windows\System32\gdi32full.dll
0x00007ffd6ff50000 - 0x00007ffd6ffed000 	C:\Windows\System32\msvcp_win.dll
0x00007ffd70ea0000 - 0x00007ffd70ed0000 	C:\Windows\System32\IMM32.DLL
0x00007ffd68d90000 - 0x00007ffd68d9c000 	C:\Program Files\Apache NetBeans\jdk\bin\vcruntime140_1.dll
0x00007ffd2f1d0000 - 0x00007ffd2f25d000 	C:\Program Files\Apache NetBeans\jdk\bin\msvcp140.dll
0x00007ffd12e40000 - 0x00007ffd13d66000 	C:\Program Files\Apache NetBeans\jdk\bin\server\jvm.dll
0x00007ffd70b80000 - 0x00007ffd70c2f000 	C:\Windows\System32\ADVAPI32.dll
0x00007ffd70940000 - 0x00007ffd709dc000 	C:\Windows\System32\sechost.dll
0x00007ffd71ac0000 - 0x00007ffd71be6000 	C:\Windows\System32\RPCRT4.dll
0x00007ffd70af0000 - 0x00007ffd70b5b000 	C:\Windows\System32\WS2_32.dll
0x00007ffd6ed00000 - 0x00007ffd6ed4b000 	C:\Windows\SYSTEM32\POWRPROF.dll
0x00007ffd5af30000 - 0x00007ffd5af57000 	C:\Windows\SYSTEM32\WINMM.dll
0x00007ffd66bb0000 - 0x00007ffd66bba000 	C:\Windows\SYSTEM32\VERSION.dll
0x00007ffd6eb70000 - 0x00007ffd6eb82000 	C:\Windows\SYSTEM32\UMPDC.dll
0x00007ffd6d7f0000 - 0x00007ffd6d802000 	C:\Windows\SYSTEM32\kernel.appcore.dll
0x00007ffd681a0000 - 0x00007ffd681aa000 	C:\Program Files\Apache NetBeans\jdk\bin\jimage.dll
0x00007ffd6d2f0000 - 0x00007ffd6d4d4000 	C:\Windows\SYSTEM32\DBGHELP.DLL
0x00007ffd48690000 - 0x00007ffd486c4000 	C:\Windows\SYSTEM32\dbgcore.DLL
0x00007ffd6fec0000 - 0x00007ffd6ff42000 	C:\Windows\System32\bcryptPrimitives.dll
0x00007ffd681b0000 - 0x00007ffd681ce000 	C:\Program Files\Apache NetBeans\jdk\bin\java.dll
0x00007ffd70d70000 - 0x00007ffd70e9b000 	C:\Windows\System32\ole32.dll
0x00007ffd70fb0000 - 0x00007ffd71304000 	C:\Windows\System32\combase.dll
0x00007ffd70140000 - 0x00007ffd70885000 	C:\Windows\System32\SHELL32.dll
0x00007ffd6d810000 - 0x00007ffd6dfab000 	C:\Windows\SYSTEM32\windows.storage.dll
0x00007ffd6f0f0000 - 0x00007ffd6f11d000 	C:\Windows\SYSTEM32\Wldp.dll
0x00007ffd70890000 - 0x00007ffd7093d000 	C:\Windows\System32\SHCORE.dll
0x00007ffd70c30000 - 0x00007ffd70c85000 	C:\Windows\System32\shlwapi.dll
0x00007ffd6f6c0000 - 0x00007ffd6f6e5000 	C:\Windows\SYSTEM32\profapi.dll
0x00007ffd15ec0000 - 0x00007ffd16040000 	C:\Program Files\Apache NetBeans\jdk\bin\awt.dll
0x00007ffd713d0000 - 0x00007ffd7149d000 	C:\Windows\System32\OLEAUT32.dll
0x00007ffd6c790000 - 0x00007ffd6c820000 	C:\Windows\SYSTEM32\apphelp.dll
0x00007ffd57270000 - 0x00007ffd57281000 	C:\Program Files\Apache NetBeans\jdk\bin\net.dll
0x00007ffd6eed0000 - 0x00007ffd6ef3a000 	C:\Windows\system32\mswsock.dll
0x00007ffd541f0000 - 0x00007ffd54206000 	C:\Program Files\Apache NetBeans\jdk\bin\nio.dll
0x00007ffd5e5d0000 - 0x00007ffd5e5e7000 	C:\Program Files\Apache NetBeans\jdk\bin\zip.dll
0x00007ffd6ccb0000 - 0x00007ffd6cd4e000 	C:\Windows\system32\uxtheme.dll
0x00007ffd71ce0000 - 0x00007ffd71df4000 	C:\Windows\System32\MSCTF.dll
0x00007ffd6cdb0000 - 0x00007ffd6cddf000 	C:\Windows\system32\DWMAPI.DLL
0x00007ffd48350000 - 0x00007ffd48475000 	C:\Windows\system32\opengl32.dll
0x00007ffd5acf0000 - 0x00007ffd5ad1c000 	C:\Windows\SYSTEM32\GLU32.dll
0x00007ffd2eca0000 - 0x00007ffd2ed27000 	C:\Program Files\Apache NetBeans\jdk\bin\freetype.dll
0x00007ffd26710000 - 0x00007ffd267ff000 	C:\Program Files\Apache NetBeans\jdk\bin\fontmanager.dll
0x00007ffd67a00000 - 0x00007ffd67a0a000 	C:\Program Files\Apache NetBeans\jdk\bin\management.dll
0x00007ffd60590000 - 0x00007ffd6059c000 	C:\Program Files\Apache NetBeans\jdk\bin\management_ext.dll
0x00007ffd70b70000 - 0x00007ffd70b78000 	C:\Windows\System32\PSAPI.DLL
0x00007ffd4ae80000 - 0x00007ffd4ae97000 	C:\Windows\system32\napinsp.dll
0x00007ffd4ae60000 - 0x00007ffd4ae7b000 	C:\Windows\system32\pnrpnsp.dll
0x00007ffd69ee0000 - 0x00007ffd69ef5000 	C:\Windows\system32\wshbth.dll
0x00007ffd6a810000 - 0x00007ffd6a82d000 	C:\Windows\system32\NLAapi.dll
0x00007ffd6eb90000 - 0x00007ffd6ebcb000 	C:\Windows\SYSTEM32\IPHLPAPI.DLL
0x00007ffd6ebd0000 - 0x00007ffd6ec9a000 	C:\Windows\SYSTEM32\DNSAPI.dll
0x00007ffd70110000 - 0x00007ffd70118000 	C:\Windows\System32\NSI.dll
0x00007ffd4ac40000 - 0x00007ffd4ac52000 	C:\Windows\System32\winrnr.dll
0x00007ffd5d390000 - 0x00007ffd5d39a000 	C:\Windows\System32\rasadhlp.dll
0x00007ffd5d7d0000 - 0x00007ffd5d850000 	C:\Windows\System32\fwpuclnt.dll
0x00007ffd6fcc0000 - 0x00007ffd6fce7000 	C:\Windows\System32\bcrypt.dll
0x00007ffd6f130000 - 0x00007ffd6f148000 	C:\Windows\SYSTEM32\CRYPTSP.dll
0x00007ffd6e7b0000 - 0x00007ffd6e7e4000 	C:\Windows\system32\rsaenh.dll
0x00007ffd6f680000 - 0x00007ffd6f6ae000 	C:\Windows\SYSTEM32\USERENV.dll
0x00007ffd6f060000 - 0x00007ffd6f06c000 	C:\Windows\SYSTEM32\CRYPTBASE.dll
0x00007ffd5f8b0000 - 0x00007ffd5f8be000 	C:\Program Files\Apache NetBeans\jdk\bin\sunmscapi.dll
0x00007ffd6fd60000 - 0x00007ffd6febd000 	C:\Windows\System32\CRYPT32.dll
0x00007ffd6f240000 - 0x00007ffd6f267000 	C:\Windows\SYSTEM32\ncrypt.dll
0x00007ffd6f200000 - 0x00007ffd6f23b000 	C:\Windows\SYSTEM32\NTASN1.dll
0x00007ffd5f850000 - 0x00007ffd5f857000 	C:\Windows\system32\wshunix.dll
0x00007ffd67ca0000 - 0x00007ffd67ca9000 	C:\Program Files\Apache NetBeans\jdk\bin\extnet.dll
0x00007ffd35e30000 - 0x00007ffd35e5f000 	C:\Program Files\Apache NetBeans\jdk\bin\javajpeg.dll
0x00007ffd680d0000 - 0x00007ffd680e0000 	C:\Program Files\Apache NetBeans\jdk\bin\verify.dll
0x00007ffd709e0000 - 0x00007ffd70a89000 	C:\Windows\System32\clbcatq.dll
0x00007ffd691f0000 - 0x00007ffd693a4000 	C:\Windows\SYSTEM32\WindowsCodecs.dll
0x00007ffd54d50000 - 0x00007ffd54d8e000 	C:\Windows\system32\dataexchange.dll
0x00007ffd6b260000 - 0x00007ffd6b4c3000 	C:\Windows\system32\d3d11.dll
0x00007ffd6e010000 - 0x00007ffd6e103000 	C:\Windows\system32\dxgi.dll
0x00007ffd6ba90000 - 0x00007ffd6bc73000 	C:\Windows\system32\dcomp.dll
0x00007ffd69470000 - 0x00007ffd69673000 	C:\Windows\system32\twinapi.appcore.dll
0x00007ffd60910000 - 0x00007ffd60a09000 	C:\Windows\SYSTEM32\textinputframework.dll
0x00007ffd6bc80000 - 0x00007ffd6bfdb000 	C:\Windows\System32\CoreUIComponents.dll
0x00007ffd6c360000 - 0x00007ffd6c452000 	C:\Windows\System32\CoreMessaging.dll
0x00007ffd6e8d0000 - 0x00007ffd6e903000 	C:\Windows\SYSTEM32\ntmarta.dll
0x00007ffd6ac80000 - 0x00007ffd6add5000 	C:\Windows\SYSTEM32\wintypes.dll
0x00007ffd5f950000 - 0x00007ffd5f959000 	C:\Program Files\Apache NetBeans\jdk\bin\syslookup.dll

JVMTI agents: none

dbghelp: loaded successfully - version: 4.0.5 - missing functions: none
symbol engine: initialized successfully - sym options: 0x614 - pdb path: .;C:\Program Files\Apache NetBeans\jdk\bin;C:\Windows\SYSTEM32;C:\Windows\WinSxS\amd64_microsoft.windows.common-controls_6595b64144ccf1df_6.0.19041.3636_none_60b6a03d71f818d5;C:\Program Files\Apache NetBeans\jdk\bin\server

VM Arguments:
java_command: com.is216.thebangcf.TheBangCF
java_class_path (initial): C:\Users\SONY\Documents\NetBeansProjects\TheBangCoffee\target\classes;C:\Users\SONY\.m2\repository\com\oracle\database\jdbc\ojdbc11\23.3.0.23.09\ojdbc11-23.3.0.23.09.jar;C:\Users\SONY\.m2\repository\com\sun\mail\javax.mail\1.6.2\javax.mail-1.6.2.jar;C:\Users\SONY\.m2\repository\javax\activation\activation\1.1\activation-1.1.jar;C:\Users\SONY\.m2\repository\com\toedter\jcalendar\1.4\jcalendar-1.4.jar;C:\Users\SONY\.m2\repository\org\jfree\jfreechart\1.5.4\jfreechart-1.5.4.jar;C:\Users\SONY\.m2\repository\net\sf\jasperreports\jasperreports\6.21.0\jasperreports-6.21.0.jar;C:\Users\SONY\.m2\repository\commons-beanutils\commons-beanutils\1.9.4\commons-beanutils-1.9.4.jar;C:\Users\SONY\.m2\repository\commons-collections\commons-collections\3.2.2\commons-collections-3.2.2.jar;C:\Users\SONY\.m2\repository\commons-digester\commons-digester\2.1\commons-digester-2.1.jar;C:\Users\SONY\.m2\repository\commons-logging\commons-logging\1.1.1\commons-logging-1.1.1.jar;C:\Users\SONY\.m2\repository\org\apache\commons\commons-collections4\4.2\commons-collections4-4.2.jar;C:\Users\SONY\.m2\repository\com\github\librepdf\openpdf\1.3.30.jaspersoft.3\openpdf-1.3.30.jaspersoft.3.jar;C:\Users\SONY\.m2\repository\org\jfree\jcommon\1.0.23\jcommon-1.0.23.jar;C:\Users\SONY\.m2\repository\org\eclipse\jdt\ecj\3.21.0\ecj-3.21.0.jar;C:\Users\SONY\.m2\repository\com\fasterxml\jackson\core\jackson-core\2.15.3\jackson-core-2.15.3.jar;C:\Users\SONY\.m2\repository\com\fasterxml\jackson\core\jackson-databind\2.15.3\jackson-databind-2.15.3.jar;C:\Users\SONY\.m2\repository\com\fasterxml\jackson\core\jackson-annotations\2.15.3\jackson-annotations-2.15.3.jar;C:\Users\SONY\.m2\repository\com\fasterxml\jackson\dataformat\jackson-dataformat-xml\2.15.3\jackson-dataformat-xml-2.15.3.jar;C:\Users\SONY\.m2\repository\org\codehaus\woodstox\stax2-api\4.2.1\stax2-api-4.2.1.jar;C:\Users\SONY\.m2\repository\com\fasterxml\woodstox\woodstox-core\6.5.1\woodstox-core-6.5.1.jar;C:\Users\SONY\.m2\repository\com\lowagie\itext\2.1.7\itext-2.1.7.jar;C:\Users\SONY\.m2\repository\bouncycastle\bcmail-jdk14\138\bcmail-jdk14-138.jar;C:\Users\SONY\.m2\repository\bouncycastle\bcprov-jdk14\138\bcprov-jdk14-138.jar;C:\Users\SONY\.m2\repository\org\bouncycastle\bctsp-jdk14\1.38\bctsp-jdk14-1.38.jar;C:\Users\SONY\.m2\repository\org\bouncycastle\bcprov-jdk14\1.38\bcprov-jdk14-1.38.jar;C:\Users\SONY\.m2\repository\org\bouncycastle\bcmail-jdk14\1.38\bcmail-jdk14-1.38.jar
Launcher Type: SUN_STANDARD

[Global flags]
     intx CICompilerCount                          = 3                                         {product} {ergonomic}
     uint ConcGCThreads                            = 1                                         {product} {ergonomic}
     uint G1ConcRefinementThreads                  = 4                                         {product} {ergonomic}
   size_t G1HeapRegionSize                         = 1048576                                   {product} {ergonomic}
   size_t InitialHeapSize                          = 134217728                                 {product} {ergonomic}
   size_t MarkStackSize                            = 4194304                                   {product} {ergonomic}
   size_t MarkStackSizeMax                         = 536870912                                 {product} {ergonomic}
   size_t MaxHeapSize                              = 2122317824                                {product} {ergonomic}
   size_t MaxNewSize                               = 1272971264                                {product} {ergonomic}
   size_t MinHeapDeltaBytes                        = 1048576                                   {product} {ergonomic}
   size_t MinHeapSize                              = 8388608                                   {product} {ergonomic}
    uintx NonNMethodCodeHeapSize                   = 5832704                                {pd product} {ergonomic}
    uintx NonProfiledCodeHeapSize                  = 122945536                              {pd product} {ergonomic}
    uintx ProfiledCodeHeapSize                     = 122880000                              {pd product} {ergonomic}
    uintx ReservedCodeCacheSize                    = 251658240                              {pd product} {ergonomic}
     bool SegmentedCodeCache                       = true                                      {product} {ergonomic}
   size_t SoftMaxHeapSize                          = 2122317824                             {manageable} {ergonomic}
     bool UseCompressedOops                        = true                           {product lp64_product} {ergonomic}
     bool UseG1GC                                  = true                                      {product} {ergonomic}
     bool UseLargePagesIndividualAllocation        = false                                  {pd product} {ergonomic}

Logging:
Log output configuration:
 #0: stdout all=warning uptime,level,tags foldmultilines=false
 #1: stderr all=off uptime,level,tags foldmultilines=false

Release file:
IMPLEMENTOR="Eclipse Adoptium" 
IMPLEMENTOR_VERSION="Temurin-25.0.1+8" 
JAVA_RUNTIME_VERSION="25.0.1+8-LTS" 
JAVA_VERSION="25.0.1" 
JAVA_VERSION_DATE="2025-10-21" 
LIBC="default" 
MODULES="java.base java.compiler java.datatransfer java.xml java.prefs java.desktop java.instrument java.logging java.management java.security.sasl java.naming java.rmi java.management.rmi java.net.http java.scripting java.security.jgss java.transaction.xa java.sql java.sql.rowset java.xml.crypto java.se java.smartcardio jdk.accessibility jdk.internal.jvmstat jdk.attach jdk.charsets jdk.internal.opt jdk.zipfs jdk.compiler jdk.crypto.cryptoki jdk.crypto.ec jdk.crypto.mscapi jdk.dynalink jdk.internal.ed jdk.editpad jdk.internal.vm.ci jdk.graal.compiler jdk.graal.compiler.management jdk.hotspot.agent jdk.httpserver jdk.incubator.vector jdk.internal.le jdk.internal.md jdk.jartool jdk.javadoc jdk.jcmd jdk.management jdk.management.agent jdk.jconsole jdk.jdeps jdk.jdwp.agent jdk.jdi jdk.jfr jdk.jlink jdk.jpackage jdk.jshell jdk.jsobject jdk.jstatd jdk.localedata jdk.management.jfr jdk.naming.dns jdk.naming.rmi jdk.net jdk.nio.mapmode jdk.sctp jdk.security.auth jdk.security.jgss jdk.unsupported jdk.unsupported.desktop jdk.xml.dom" 
OS_ARCH="x86_64" 
OS_NAME="Windows" 
SOURCE=".:git:61d6a2c1b35e" 
BUILD_SOURCE="git:839fa0b45d809157cffd3dc8515aad262a4a1776"
BUILD_SOURCE_REPO="https://github.com/adoptium/temurin-build.git"
SOURCE_REPO="https://github.com/adoptium/jdk25u.git"
FULL_VERSION="25.0.1+8-LTS"
SEMANTIC_VERSION="25.0.1+8"
BUILD_INFO="OS: Windows Server 2022 Version: 10.0"
JVM_VARIANT="Hotspot"
JVM_VERSION="25.0.1+8-LTS"
IMAGE_TYPE="JDK"

Environment Variables:
JAVA_HOME=C:\Program Files\Apache NetBeans\jdk
PATH=C:\Program Files\Java\jdk-22\bin;C:\Program Files\Eclipse Adoptium\jdk-25.0.2.10-hotspot\bin;E:\DB\WINDOWS.X64_213000_db_home\bin;C:\Program Files\Common Files\Oracle\Java\javapath;C:\Windows\system32;C:\Windows;C:\Windows\System32\Wbem;C:\Windows\System32\WindowsPowerShell\v1.0\;C:\Windows\System32\OpenSSH\;E:\JavaScript\;C:\Program Files\Java\jdk-22\bin;C:\Program Files\Git\cmd;C:\Program Files (x86)\Microsoft SQL Server\160\Tools\Binn\;C:\Program Files\Microsoft SQL Server\160\Tools\Binn\;C:\Program Files\Microsoft SQL Server\Client SDK\ODBC\170\Tools\Binn\;C:\Program Files\Microsoft SQL Server\160\DTS\Binn\;C:\Program Files\Docker\Docker\resources\bin;C:\hadoop\bin;C:\Apache\Maven\bin;C:\Users\SONY\AppData\Local\Microsoft\WindowsApps;C:\Users\SONY\AppData\Roaming\npm;E:\Microsoft VS Code\bin;winlibs-x86_64-posix-seh-gcc-12.1.0-mingw-w64msvcrt-10.0.0-r3.zip\mingw64\bin - ZIP archive, unpacked size 756,100,019 bytes;C:\msys64\ucrt64\bin;C:\Users\SONY\AppData\Local\Programs\MiKTeX\miktex\bin\x64\;C:\Users\SONY\AppData\Local\Programs\Antigravity\bin;E:\flutter\bin;
USERNAME=SONY
OS=Windows_NT
PROCESSOR_IDENTIFIER=Intel64 Family 6 Model 142 Stepping 9, GenuineIntel
TMP=C:\Users\SONY\AppData\Local\Temp
TEMP=C:\Users\SONY\AppData\Local\Temp




Compilation memory statistics disabled.

Periodic native trim disabled

---------------  S Y S T E M  ---------------

OS:
 Windows 10 , 64 bit Build 19041 (10.0.19041.3636)
OS uptime: 1 days 3:07 hours
Hyper-V role detected

CPU: total 4 (initial active 4) (2 cores per cpu, 2 threads per core) family 6 model 142 stepping 9 microcode 0xb4, cx8, cmov, fxsr, ht, mmx, 3dnowpref, sse, sse2, sse3, ssse3, sse4.1, sse4.2, popcnt, lzcnt, tsc, tscinvbit, avx, avx2, aes, erms, clmul, bmi1, bmi2, adx, fma, vzeroupper, clflush, clflushopt, hv, rdtscp, f16c
Processor Information for the first 4 processors :
  Max Mhz: 2712, Current Mhz: 2511, Mhz Limit: 2495

Memory: 4k page, system-wide physical 8088M (391M free)
TotalPageFile size 22279M (AvailPageFile size 3M)
current process WorkingSet (physical memory assigned to process): 645M, peak: 830M
current process commit charge ("private bytes"): 1262M, peak: 1264M

vm_info: OpenJDK 64-Bit Server VM (25.0.1+8-LTS) for windows-amd64 JRE (25.0.1+8-LTS), built on 2025-10-21T00:00:00Z with unknown MS VC++:1942

END.
